number,raw_title,link,repo_name,repo_url,created_at,updated_at,closed_at,pull_request,filter,title,repository,state
1,Discuss how to provide access to demo hubs using this organisation,https://github.com/2i2c-demo-hub-access/.github/pull/1,2i2c-demo-hub-access/.github,https://github.com/2i2c-demo-hub-access/.github,2023-10-24T15:36:05Z,2023-12-12T11:50:29Z,,True,assigned:created,"<a href=""https://github.com/2i2c-demo-hub-access/.github/pull/1"" rel=""noopener noreferrer"" target=""_blank"">Discuss how to provide access to demo hubs using this organisation</a>","<a href=""https://github.com/2i2c-demo-hub-access/.github"" rel=""noopener noreferrer"" target=""_blank"">2i2c-demo-hub-access/.github</a>",open
16,Allow multiple funders to be listed on a hub homepage,https://github.com/2i2c-org/default-hub-homepage/issues/16,2i2c-org/default-hub-homepage,https://github.com/2i2c-org/default-hub-homepage,2022-10-18T11:10:19Z,2022-10-19T14:54:36Z,,False,created,"<a href=""https://github.com/2i2c-org/default-hub-homepage/issues/16"" rel=""noopener noreferrer"" target=""_blank"">Allow multiple funders to be listed on a hub homepage</a>","<a href=""https://github.com/2i2c-org/default-hub-homepage"" rel=""noopener noreferrer"" target=""_blank"">2i2c-org/default-hub-homepage</a>",open
197,Create a user off-boarding checklist for hub admins,https://github.com/2i2c-org/docs/issues/197,2i2c-org/docs,https://github.com/2i2c-org/docs,2023-11-30T12:52:28Z,2023-11-30T12:52:28Z,,False,created,"<a href=""https://github.com/2i2c-org/docs/issues/197"" rel=""noopener noreferrer"" target=""_blank"">Create a user off-boarding checklist for hub admins</a>","<a href=""https://github.com/2i2c-org/docs"" rel=""noopener noreferrer"" target=""_blank"">2i2c-org/docs</a>",open
168,FAQ question: why are kernel culling limits set?,https://github.com/2i2c-org/docs/issues/168,2i2c-org/docs,https://github.com/2i2c-org/docs,2022-10-31T13:13:28Z,2022-11-01T14:01:28Z,,False,created,"<a href=""https://github.com/2i2c-org/docs/issues/168"" rel=""noopener noreferrer"" target=""_blank"">FAQ question: why are kernel culling limits set?</a>","<a href=""https://github.com/2i2c-org/docs"" rel=""noopener noreferrer"" target=""_blank"">2i2c-org/docs</a>",open
11,How do we push changes in this repo downstream to our communities?,https://github.com/2i2c-org/hub-user-image-template/issues/11,2i2c-org/hub-user-image-template,https://github.com/2i2c-org/hub-user-image-template,2022-04-05T09:02:54Z,2023-06-22T10:27:05Z,,False,created,"<a href=""https://github.com/2i2c-org/hub-user-image-template/issues/11"" rel=""noopener noreferrer"" target=""_blank"">How do we push changes in this repo downstream to our communities?</a>","<a href=""https://github.com/2i2c-org/hub-user-image-template"" rel=""noopener noreferrer"" target=""_blank"">2i2c-org/hub-user-image-template</a>",open
1232,Stop using pytest to run our hub health checks,https://github.com/2i2c-org/infrastructure/issues/1232,2i2c-org/infrastructure,https://github.com/2i2c-org/infrastructure,2022-04-25T10:18:25Z,2023-10-19T09:07:05Z,,False,created,"<a href=""https://github.com/2i2c-org/infrastructure/issues/1232"" rel=""noopener noreferrer"" target=""_blank"">Stop using pytest to run our hub health checks</a>","<a href=""https://github.com/2i2c-org/infrastructure"" rel=""noopener noreferrer"" target=""_blank"">2i2c-org/infrastructure</a>",open
1206,Improve information about the cause of failure during hub health check,https://github.com/2i2c-org/infrastructure/issues/1206,2i2c-org/infrastructure,https://github.com/2i2c-org/infrastructure,2022-04-14T15:09:39Z,2023-10-19T08:57:34Z,,False,created,"<a href=""https://github.com/2i2c-org/infrastructure/issues/1206"" rel=""noopener noreferrer"" target=""_blank"">Improve information about the cause of failure during hub health check</a>","<a href=""https://github.com/2i2c-org/infrastructure"" rel=""noopener noreferrer"" target=""_blank"">2i2c-org/infrastructure</a>",open
764,Enabling per hub storage quotas,https://github.com/2i2c-org/infrastructure/issues/764,2i2c-org/infrastructure,https://github.com/2i2c-org/infrastructure,2021-10-19T12:27:33Z,2023-10-19T08:48:40Z,,False,created,"<a href=""https://github.com/2i2c-org/infrastructure/issues/764"" rel=""noopener noreferrer"" target=""_blank"">Enabling per hub storage quotas</a>","<a href=""https://github.com/2i2c-org/infrastructure"" rel=""noopener noreferrer"" target=""_blank"">2i2c-org/infrastructure</a>",open
1974,Update our hub-health service to properly set roles,https://github.com/2i2c-org/infrastructure/issues/1974,2i2c-org/infrastructure,https://github.com/2i2c-org/infrastructure,2022-12-05T10:56:56Z,2023-10-18T18:32:29Z,,False,created,"<a href=""https://github.com/2i2c-org/infrastructure/issues/1974"" rel=""noopener noreferrer"" target=""_blank"">Update our hub-health service to properly set roles</a>","<a href=""https://github.com/2i2c-org/infrastructure"" rel=""noopener noreferrer"" target=""_blank"">2i2c-org/infrastructure</a>",open
2766,paths-filter action detecting more changes than necessary when PR branch is out of date with default branch,https://github.com/2i2c-org/infrastructure/issues/2766,2i2c-org/infrastructure,https://github.com/2i2c-org/infrastructure,2023-07-06T12:44:35Z,2023-10-18T15:51:07Z,,False,created,"<a href=""https://github.com/2i2c-org/infrastructure/issues/2766"" rel=""noopener noreferrer"" target=""_blank"">paths-filter action detecting more changes than necessary when PR branch is out of date with default branch</a>","<a href=""https://github.com/2i2c-org/infrastructure"" rel=""noopener noreferrer"" target=""_blank"">2i2c-org/infrastructure</a>",open
1798,Create deployer.generate_hub command to initialise a new hub from templates,https://github.com/2i2c-org/infrastructure/issues/1798,2i2c-org/infrastructure,https://github.com/2i2c-org/infrastructure,2022-10-19T15:32:12Z,2023-10-18T15:50:14Z,,False,created,"<a href=""https://github.com/2i2c-org/infrastructure/issues/1798"" rel=""noopener noreferrer"" target=""_blank"">Create deployer.generate_hub command to initialise a new hub from templates</a>","<a href=""https://github.com/2i2c-org/infrastructure"" rel=""noopener noreferrer"" target=""_blank"">2i2c-org/infrastructure</a>",open
996,Document setting up GPUs on our clusters and access for our hubs,https://github.com/2i2c-org/infrastructure/issues/996,2i2c-org/infrastructure,https://github.com/2i2c-org/infrastructure,2022-02-11T12:07:25Z,2023-10-18T15:23:54Z,,False,created,"<a href=""https://github.com/2i2c-org/infrastructure/issues/996"" rel=""noopener noreferrer"" target=""_blank"">Document setting up GPUs on our clusters and access for our hubs</a>","<a href=""https://github.com/2i2c-org/infrastructure"" rel=""noopener noreferrer"" target=""_blank"">2i2c-org/infrastructure</a>",open
2868,Split the deployer into its own repo,https://github.com/2i2c-org/infrastructure/issues/2868,2i2c-org/infrastructure,https://github.com/2i2c-org/infrastructure,2023-07-25T12:09:01Z,2023-07-26T10:06:57Z,,False,created,"<a href=""https://github.com/2i2c-org/infrastructure/issues/2868"" rel=""noopener noreferrer"" target=""_blank"">Split the deployer into its own repo</a>","<a href=""https://github.com/2i2c-org/infrastructure"" rel=""noopener noreferrer"" target=""_blank"">2i2c-org/infrastructure</a>",open
476,Document tools required to work in this repo and deploy hubs successfully,https://github.com/2i2c-org/infrastructure/issues/476,2i2c-org/infrastructure,https://github.com/2i2c-org/infrastructure,2021-06-18T15:04:55Z,2022-09-16T09:17:15Z,,False,created,"<a href=""https://github.com/2i2c-org/infrastructure/issues/476"" rel=""noopener noreferrer"" target=""_blank"">Document tools required to work in this repo and deploy hubs successfully</a>","<a href=""https://github.com/2i2c-org/infrastructure"" rel=""noopener noreferrer"" target=""_blank"">2i2c-org/infrastructure</a>",open
3327,Document how to expand disk size on Azure,https://github.com/2i2c-org/infrastructure/issues/3327,2i2c-org/infrastructure,https://github.com/2i2c-org/infrastructure,2023-10-25T16:23:53Z,2023-10-25T17:28:43Z,,False,created,"<a href=""https://github.com/2i2c-org/infrastructure/issues/3327"" rel=""noopener noreferrer"" target=""_blank"">Document how to expand disk size on Azure</a>","<a href=""https://github.com/2i2c-org/infrastructure"" rel=""noopener noreferrer"" target=""_blank"">2i2c-org/infrastructure</a>",open
3743,"[EVENT] Openscapes, large single day event, March 14th",https://github.com/2i2c-org/infrastructure/issues/3743,2i2c-org/infrastructure,https://github.com/2i2c-org/infrastructure,2024-02-27T14:11:58Z,2024-03-07T17:10:39Z,,False,updated_last_week:assigned:created,"<a href=""https://github.com/2i2c-org/infrastructure/issues/3743"" rel=""noopener noreferrer"" target=""_blank"">[EVENT] Openscapes, large single day event, March 14th</a>","<a href=""https://github.com/2i2c-org/infrastructure"" rel=""noopener noreferrer"" target=""_blank"">2i2c-org/infrastructure</a>",open
1617,Create a task checklist for responding to incidents,https://github.com/2i2c-org/infrastructure/issues/1617,2i2c-org/infrastructure,https://github.com/2i2c-org/infrastructure,2022-08-10T15:25:33Z,2022-08-11T09:20:28Z,,False,created,"<a href=""https://github.com/2i2c-org/infrastructure/issues/1617"" rel=""noopener noreferrer"" target=""_blank"">Create a task checklist for responding to incidents</a>","<a href=""https://github.com/2i2c-org/infrastructure"" rel=""noopener noreferrer"" target=""_blank"">2i2c-org/infrastructure</a>",open
3666,basehub: default to nfs.enabled / nfs.pv.enabled to false,https://github.com/2i2c-org/infrastructure/pull/3666,2i2c-org/infrastructure,https://github.com/2i2c-org/infrastructure,2024-01-31T12:39:42Z,2024-01-31T12:46:52Z,,True,review_requested,"<a href=""https://github.com/2i2c-org/infrastructure/pull/3666"" rel=""noopener noreferrer"" target=""_blank"">basehub: default to nfs.enabled / nfs.pv.enabled to false</a>","<a href=""https://github.com/2i2c-org/infrastructure"" rel=""noopener noreferrer"" target=""_blank"">2i2c-org/infrastructure</a>",open
3689,[Decommission Hub] Callysto,https://github.com/2i2c-org/infrastructure/issues/3689,2i2c-org/infrastructure,https://github.com/2i2c-org/infrastructure,2024-02-02T18:25:05Z,2024-02-28T20:27:46Z,2024-02-28T13:54:14Z,False,assigned:closed_last_month,"<a href=""https://github.com/2i2c-org/infrastructure/issues/3689"" rel=""noopener noreferrer"" target=""_blank"">[Decommission Hub] Callysto</a>","<a href=""https://github.com/2i2c-org/infrastructure"" rel=""noopener noreferrer"" target=""_blank"">2i2c-org/infrastructure</a>",closed
3695,[Support] Add `nasa-openscapes-workshops` org to access list for openscapes,https://github.com/2i2c-org/infrastructure/issues/3695,2i2c-org/infrastructure,https://github.com/2i2c-org/infrastructure,2024-02-03T02:09:57Z,2024-02-15T17:08:09Z,2024-02-15T17:08:08Z,False,assigned:closed_last_month,"<a href=""https://github.com/2i2c-org/infrastructure/issues/3695"" rel=""noopener noreferrer"" target=""_blank"">[Support] Add `nasa-openscapes-workshops` org to access list for openscapes</a>","<a href=""https://github.com/2i2c-org/infrastructure"" rel=""noopener noreferrer"" target=""_blank"">2i2c-org/infrastructure</a>",closed
3693,[Support] Setup `gh-scoped-creds` for Openscapes,https://github.com/2i2c-org/infrastructure/issues/3693,2i2c-org/infrastructure,https://github.com/2i2c-org/infrastructure,2024-02-03T02:06:26Z,2024-02-08T18:05:55Z,2024-02-08T17:56:57Z,False,assigned:closed_last_month,"<a href=""https://github.com/2i2c-org/infrastructure/issues/3693"" rel=""noopener noreferrer"" target=""_blank"">[Support] Setup `gh-scoped-creds` for Openscapes</a>","<a href=""https://github.com/2i2c-org/infrastructure"" rel=""noopener noreferrer"" target=""_blank"">2i2c-org/infrastructure</a>",closed
3643,[Request deployment] HHMI Spyglass Ephemeral Hub,https://github.com/2i2c-org/infrastructure/issues/3643,2i2c-org/infrastructure,https://github.com/2i2c-org/infrastructure,2024-01-25T20:15:49Z,2024-02-05T23:41:46Z,2024-02-05T23:41:45Z,False,assigned:closed_last_month,"<a href=""https://github.com/2i2c-org/infrastructure/issues/3643"" rel=""noopener noreferrer"" target=""_blank"">[Request deployment] HHMI Spyglass Ephemeral Hub</a>","<a href=""https://github.com/2i2c-org/infrastructure"" rel=""noopener noreferrer"" target=""_blank"">2i2c-org/infrastructure</a>",closed
3189,Establish whether we want to bring codespell into our infrastructure repo,https://github.com/2i2c-org/infrastructure/issues/3189,2i2c-org/infrastructure,https://github.com/2i2c-org/infrastructure,2023-09-28T17:43:18Z,2024-02-01T10:58:36Z,2024-02-01T10:58:36Z,False,closed_last_month:assigned:created,"<a href=""https://github.com/2i2c-org/infrastructure/issues/3189"" rel=""noopener noreferrer"" target=""_blank"">Establish whether we want to bring codespell into our infrastructure repo</a>","<a href=""https://github.com/2i2c-org/infrastructure"" rel=""noopener noreferrer"" target=""_blank"">2i2c-org/infrastructure</a>",closed
3738,[Support] LIS: Admins cannot write to shared-readwrite folder,https://github.com/2i2c-org/infrastructure/issues/3738,2i2c-org/infrastructure,https://github.com/2i2c-org/infrastructure,2024-02-23T15:23:51Z,2024-02-28T13:52:54Z,2024-02-28T12:52:50Z,False,created:closed_last_month,"<a href=""https://github.com/2i2c-org/infrastructure/issues/3738"" rel=""noopener noreferrer"" target=""_blank"">[Support] LIS: Admins cannot write to shared-readwrite folder</a>","<a href=""https://github.com/2i2c-org/infrastructure"" rel=""noopener noreferrer"" target=""_blank"">2i2c-org/infrastructure</a>",closed
3741,Decommissioning Callysto hubs and cluster,https://github.com/2i2c-org/infrastructure/pull/3741,2i2c-org/infrastructure,https://github.com/2i2c-org/infrastructure,2024-02-27T13:11:48Z,2024-02-28T13:54:32Z,2024-02-28T13:54:13Z,True,closed_last_month:assigned:created,"<a href=""https://github.com/2i2c-org/infrastructure/pull/3741"" rel=""noopener noreferrer"" target=""_blank"">Decommissioning Callysto hubs and cluster</a>","<a href=""https://github.com/2i2c-org/infrastructure"" rel=""noopener noreferrer"" target=""_blank"">2i2c-org/infrastructure</a>",closed
3742,Update the hub decommission issue template,https://github.com/2i2c-org/infrastructure/pull/3742,2i2c-org/infrastructure,https://github.com/2i2c-org/infrastructure,2024-02-27T13:38:42Z,2024-02-27T17:12:49Z,2024-02-27T17:12:48Z,True,closed_last_month:assigned:created,"<a href=""https://github.com/2i2c-org/infrastructure/pull/3742"" rel=""noopener noreferrer"" target=""_blank"">Update the hub decommission issue template</a>","<a href=""https://github.com/2i2c-org/infrastructure"" rel=""noopener noreferrer"" target=""_blank"">2i2c-org/infrastructure</a>",closed
3739,Ensure shared-readwrite is not owned by root,https://github.com/2i2c-org/infrastructure/pull/3739,2i2c-org/infrastructure,https://github.com/2i2c-org/infrastructure,2024-02-23T16:41:23Z,2024-02-26T14:32:16Z,2024-02-26T14:32:16Z,True,closed_last_month:assigned:created,"<a href=""https://github.com/2i2c-org/infrastructure/pull/3739"" rel=""noopener noreferrer"" target=""_blank"">Ensure shared-readwrite is not owned by root</a>","<a href=""https://github.com/2i2c-org/infrastructure"" rel=""noopener noreferrer"" target=""_blank"">2i2c-org/infrastructure</a>",closed
3706,Add gh-scoped-creds env vars for openscapes hubs,https://github.com/2i2c-org/infrastructure/pull/3706,2i2c-org/infrastructure,https://github.com/2i2c-org/infrastructure,2024-02-06T10:53:48Z,2024-02-08T17:56:30Z,2024-02-08T17:56:16Z,True,closed_last_month:assigned:created,"<a href=""https://github.com/2i2c-org/infrastructure/pull/3706"" rel=""noopener noreferrer"" target=""_blank"">Add gh-scoped-creds env vars for openscapes hubs</a>","<a href=""https://github.com/2i2c-org/infrastructure"" rel=""noopener noreferrer"" target=""_blank"">2i2c-org/infrastructure</a>",closed
3705,Add nasa-openscapes-workshops to list of allowed orgs to access openscapes hubs,https://github.com/2i2c-org/infrastructure/pull/3705,2i2c-org/infrastructure,https://github.com/2i2c-org/infrastructure,2024-02-06T10:42:28Z,2024-02-08T17:47:24Z,2024-02-08T17:47:11Z,True,closed_last_month:assigned:created,"<a href=""https://github.com/2i2c-org/infrastructure/pull/3705"" rel=""noopener noreferrer"" target=""_blank"">Add nasa-openscapes-workshops to list of allowed orgs to access openscapes hubs</a>","<a href=""https://github.com/2i2c-org/infrastructure"" rel=""noopener noreferrer"" target=""_blank"">2i2c-org/infrastructure</a>",closed
1077,Scan our YAML config files with kubescape,https://github.com/2i2c-org/infrastructure/issues/1077,2i2c-org/infrastructure,https://github.com/2i2c-org/infrastructure,2022-03-09T17:28:53Z,2022-09-16T09:17:10Z,,False,created,"<a href=""https://github.com/2i2c-org/infrastructure/issues/1077"" rel=""noopener noreferrer"" target=""_blank"">Scan our YAML config files with kubescape</a>","<a href=""https://github.com/2i2c-org/infrastructure"" rel=""noopener noreferrer"" target=""_blank"">2i2c-org/infrastructure</a>",open
840,Setting up read/write access to blob storage for Azure,https://github.com/2i2c-org/infrastructure/issues/840,2i2c-org/infrastructure,https://github.com/2i2c-org/infrastructure,2021-11-19T16:26:32Z,2022-09-16T09:17:11Z,,False,created,"<a href=""https://github.com/2i2c-org/infrastructure/issues/840"" rel=""noopener noreferrer"" target=""_blank"">Setting up read/write access to blob storage for Azure</a>","<a href=""https://github.com/2i2c-org/infrastructure"" rel=""noopener noreferrer"" target=""_blank"">2i2c-org/infrastructure</a>",open
1945,Investigate enterprise plan for regional NFS,https://github.com/2i2c-org/infrastructure/issues/1945,2i2c-org/infrastructure,https://github.com/2i2c-org/infrastructure,2022-11-22T12:14:59Z,2022-11-22T12:14:59Z,,False,created,"<a href=""https://github.com/2i2c-org/infrastructure/issues/1945"" rel=""noopener noreferrer"" target=""_blank"">Investigate enterprise plan for regional NFS</a>","<a href=""https://github.com/2i2c-org/infrastructure"" rel=""noopener noreferrer"" target=""_blank"">2i2c-org/infrastructure</a>",open
3500,"Write up a policy advising not to include ""NASA"" in our domains or cluster names",https://github.com/2i2c-org/infrastructure/issues/3500,2i2c-org/infrastructure,https://github.com/2i2c-org/infrastructure,2023-12-05T12:04:24Z,2023-12-05T12:04:24Z,,False,created,"<a href=""https://github.com/2i2c-org/infrastructure/issues/3500"" rel=""noopener noreferrer"" target=""_blank"">Write up a policy advising not to include ""NASA"" in our domains or cluster names</a>","<a href=""https://github.com/2i2c-org/infrastructure"" rel=""noopener noreferrer"" target=""_blank"">2i2c-org/infrastructure</a>",open
1944,Deal with LIS hub unavailability in the London GCP cluster,https://github.com/2i2c-org/infrastructure/issues/1944,2i2c-org/infrastructure,https://github.com/2i2c-org/infrastructure,2022-11-22T12:06:36Z,2023-12-07T17:52:31Z,,False,created,"<a href=""https://github.com/2i2c-org/infrastructure/issues/1944"" rel=""noopener noreferrer"" target=""_blank"">Deal with LIS hub unavailability in the London GCP cluster</a>","<a href=""https://github.com/2i2c-org/infrastructure"" rel=""noopener noreferrer"" target=""_blank"">2i2c-org/infrastructure</a>",open
890,AzureFile NFS network settings may block terraform access once applied,https://github.com/2i2c-org/infrastructure/issues/890,2i2c-org/infrastructure,https://github.com/2i2c-org/infrastructure,2021-12-10T14:02:14Z,2024-01-10T19:40:55Z,,False,created,"<a href=""https://github.com/2i2c-org/infrastructure/issues/890"" rel=""noopener noreferrer"" target=""_blank"">AzureFile NFS network settings may block terraform access once applied</a>","<a href=""https://github.com/2i2c-org/infrastructure"" rel=""noopener noreferrer"" target=""_blank"">2i2c-org/infrastructure</a>",open
3638,[BUG] readthedocs actions doesn't provide a working URL to deploy preview when updating docs,https://github.com/2i2c-org/infrastructure/issues/3638,2i2c-org/infrastructure,https://github.com/2i2c-org/infrastructure,2024-01-25T11:06:47Z,2024-01-25T11:13:58Z,,False,created,"<a href=""https://github.com/2i2c-org/infrastructure/issues/3638"" rel=""noopener noreferrer"" target=""_blank"">[BUG] readthedocs actions doesn't provide a working URL to deploy preview when updating docs</a>","<a href=""https://github.com/2i2c-org/infrastructure"" rel=""noopener noreferrer"" target=""_blank"">2i2c-org/infrastructure</a>",open
2946,Non-Admins can see shared-readwrite directory when they shouldn't,https://github.com/2i2c-org/infrastructure/issues/2946,2i2c-org/infrastructure,https://github.com/2i2c-org/infrastructure,2023-08-09T10:02:24Z,2024-02-28T12:55:15Z,,False,created,"<a href=""https://github.com/2i2c-org/infrastructure/issues/2946"" rel=""noopener noreferrer"" target=""_blank"">Non-Admins can see shared-readwrite directory when they shouldn't</a>","<a href=""https://github.com/2i2c-org/infrastructure"" rel=""noopener noreferrer"" target=""_blank"">2i2c-org/infrastructure</a>",open
1290,Define/document a process for deciding where new config should live in the repo,https://github.com/2i2c-org/infrastructure/issues/1290,2i2c-org/infrastructure,https://github.com/2i2c-org/infrastructure,2022-05-09T15:50:36Z,2023-10-27T13:38:06Z,,False,assigned:created,"<a href=""https://github.com/2i2c-org/infrastructure/issues/1290"" rel=""noopener noreferrer"" target=""_blank"">Define/document a process for deciding where new config should live in the repo</a>","<a href=""https://github.com/2i2c-org/infrastructure"" rel=""noopener noreferrer"" target=""_blank"">2i2c-org/infrastructure</a>",open
768,Use a GitHub Action to automate and centralise management of our GitHub Teams,https://github.com/2i2c-org/team-compass/issues/768,2i2c-org/team-compass,https://github.com/2i2c-org/team-compass,2023-09-21T14:00:41Z,2023-12-12T11:50:38Z,,False,assigned:created,"<a href=""https://github.com/2i2c-org/team-compass/issues/768"" rel=""noopener noreferrer"" target=""_blank"">Use a GitHub Action to automate and centralise management of our GitHub Teams</a>","<a href=""https://github.com/2i2c-org/team-compass"" rel=""noopener noreferrer"" target=""_blank"">2i2c-org/team-compass</a>",open
565,Design and document new workflow using Groups for updated Freshdesk plan,https://github.com/2i2c-org/team-compass/issues/565,2i2c-org/team-compass,https://github.com/2i2c-org/team-compass,2022-11-09T19:34:02Z,2022-12-05T12:52:55Z,,False,created,"<a href=""https://github.com/2i2c-org/team-compass/issues/565"" rel=""noopener noreferrer"" target=""_blank"">Design and document new workflow using Groups for updated Freshdesk plan</a>","<a href=""https://github.com/2i2c-org/team-compass"" rel=""noopener noreferrer"" target=""_blank"">2i2c-org/team-compass</a>",open
549,Make our 'Support Process' docs more findable,https://github.com/2i2c-org/team-compass/issues/549,2i2c-org/team-compass,https://github.com/2i2c-org/team-compass,2022-10-25T10:08:56Z,2022-10-26T09:44:28Z,,False,created,"<a href=""https://github.com/2i2c-org/team-compass/issues/549"" rel=""noopener noreferrer"" target=""_blank"">Make our 'Support Process' docs more findable</a>","<a href=""https://github.com/2i2c-org/team-compass"" rel=""noopener noreferrer"" target=""_blank"">2i2c-org/team-compass</a>",open
423,[Support process] Scheduling downtime for a hub,https://github.com/2i2c-org/team-compass/issues/423,2i2c-org/team-compass,https://github.com/2i2c-org/team-compass,2022-05-17T13:10:35Z,2023-08-02T16:07:55Z,,False,created,"<a href=""https://github.com/2i2c-org/team-compass/issues/423"" rel=""noopener noreferrer"" target=""_blank"">[Support process] Scheduling downtime for a hub</a>","<a href=""https://github.com/2i2c-org/team-compass"" rel=""noopener noreferrer"" target=""_blank"">2i2c-org/team-compass</a>",open
740,Signal boost guidelines for acceptable lead times for event-based requests,https://github.com/2i2c-org/team-compass/issues/740,2i2c-org/team-compass,https://github.com/2i2c-org/team-compass,2023-05-05T11:16:14Z,2023-05-05T12:35:24Z,,False,created,"<a href=""https://github.com/2i2c-org/team-compass/issues/740"" rel=""noopener noreferrer"" target=""_blank"">Signal boost guidelines for acceptable lead times for event-based requests</a>","<a href=""https://github.com/2i2c-org/team-compass"" rel=""noopener noreferrer"" target=""_blank"">2i2c-org/team-compass</a>",open
650,Onboarding Resource: A Slack Guide,https://github.com/2i2c-org/team-compass/issues/650,2i2c-org/team-compass,https://github.com/2i2c-org/team-compass,2023-02-08T17:04:06Z,2023-02-13T20:31:11Z,,False,created,"<a href=""https://github.com/2i2c-org/team-compass/issues/650"" rel=""noopener noreferrer"" target=""_blank"">Onboarding Resource: A Slack Guide</a>","<a href=""https://github.com/2i2c-org/team-compass"" rel=""noopener noreferrer"" target=""_blank"">2i2c-org/team-compass</a>",open
785,"Clarify what it means to deploy a ""Data8 style hub""",https://github.com/2i2c-org/team-compass/issues/785,2i2c-org/team-compass,https://github.com/2i2c-org/team-compass,2023-12-08T14:36:01Z,2023-12-11T20:02:58Z,,False,created,"<a href=""https://github.com/2i2c-org/team-compass/issues/785"" rel=""noopener noreferrer"" target=""_blank"">Clarify what it means to deploy a ""Data8 style hub""</a>","<a href=""https://github.com/2i2c-org/team-compass"" rel=""noopener noreferrer"" target=""_blank"">2i2c-org/team-compass</a>",open
773,Rename 2i2c-imagebuilding-hub-access org to 2i2c-demo-hub-access,https://github.com/2i2c-org/team-compass/issues/773,2i2c-org/team-compass,https://github.com/2i2c-org/team-compass,2023-10-24T09:53:46Z,2023-10-27T14:13:42Z,,False,assigned:created,"<a href=""https://github.com/2i2c-org/team-compass/issues/773"" rel=""noopener noreferrer"" target=""_blank"">Rename 2i2c-imagebuilding-hub-access org to 2i2c-demo-hub-access</a>","<a href=""https://github.com/2i2c-org/team-compass"" rel=""noopener noreferrer"" target=""_blank"">2i2c-org/team-compass</a>",open
129,Migrate CLI to typer,https://github.com/2i2c-org/team-roles-geekbot-sweep/issues/129,2i2c-org/team-roles-geekbot-sweep,https://github.com/2i2c-org/team-roles-geekbot-sweep,2023-01-06T13:58:47Z,2023-01-06T15:42:11Z,,False,created,"<a href=""https://github.com/2i2c-org/team-roles-geekbot-sweep/issues/129"" rel=""noopener noreferrer"" target=""_blank"">Migrate CLI to typer</a>","<a href=""https://github.com/2i2c-org/team-roles-geekbot-sweep"" rel=""noopener noreferrer"" target=""_blank"">2i2c-org/team-roles-geekbot-sweep</a>",open
20,r2d-action broken?,https://github.com/2i2c-org/utoronto-image/issues/20,2i2c-org/utoronto-image,https://github.com/2i2c-org/utoronto-image,2022-03-08T12:13:33Z,2022-03-09T09:43:47Z,,False,created,"<a href=""https://github.com/2i2c-org/utoronto-image/issues/20"" rel=""noopener noreferrer"" target=""_blank"">r2d-action broken?</a>","<a href=""https://github.com/2i2c-org/utoronto-image"" rel=""noopener noreferrer"" target=""_blank"">2i2c-org/utoronto-image</a>",open
59,Add PyMC and TensorFlow Probability to the image,https://github.com/2i2c-org/utoronto-image/issues/59,2i2c-org/utoronto-image,https://github.com/2i2c-org/utoronto-image,2024-01-22T14:07:50Z,2024-01-22T14:07:51Z,,False,created,"<a href=""https://github.com/2i2c-org/utoronto-image/issues/59"" rel=""noopener noreferrer"" target=""_blank"">Add PyMC and TensorFlow Probability to the image</a>","<a href=""https://github.com/2i2c-org/utoronto-image"" rel=""noopener noreferrer"" target=""_blank"">2i2c-org/utoronto-image</a>",open
25,03 - version control,https://github.com/carpentries-incubator/fair-research-software/pull/25,carpentries-incubator/fair-research-software,https://github.com/carpentries-incubator/fair-research-software,2024-02-12T16:27:27Z,2024-02-26T15:43:19Z,,True,created,"<a href=""https://github.com/carpentries-incubator/fair-research-software/pull/25"" rel=""noopener noreferrer"" target=""_blank"">03 - version control</a>","<a href=""https://github.com/carpentries-incubator/fair-research-software"" rel=""noopener noreferrer"" target=""_blank"">carpentries-incubator/fair-research-software</a>",open
22,Initial draft of intro episode,https://github.com/carpentries-incubator/fair-research-software/pull/22,carpentries-incubator/fair-research-software,https://github.com/carpentries-incubator/fair-research-software,2024-02-10T19:39:29Z,2024-03-04T10:43:23Z,2024-03-01T16:06:35Z,True,assigned:updated_last_week,"<a href=""https://github.com/carpentries-incubator/fair-research-software/pull/22"" rel=""noopener noreferrer"" target=""_blank"">Initial draft of intro episode</a>","<a href=""https://github.com/carpentries-incubator/fair-research-software"" rel=""noopener noreferrer"" target=""_blank"">carpentries-incubator/fair-research-software</a>",closed
5,Issues installing persistent binderhub chart,https://github.com/gesiscss/persistent_binderhub/issues/5,gesiscss/persistent_binderhub,https://github.com/gesiscss/persistent_binderhub,2020-08-05T12:13:44Z,2022-07-12T18:19:06Z,,False,created,"<a href=""https://github.com/gesiscss/persistent_binderhub/issues/5"" rel=""noopener noreferrer"" target=""_blank"">Issues installing persistent binderhub chart</a>","<a href=""https://github.com/gesiscss/persistent_binderhub"" rel=""noopener noreferrer"" target=""_blank"">gesiscss/persistent_binderhub</a>",open
763,Consolidating all Binder/BinderHub documentation into one place,https://github.com/jupyterhub/binderhub/issues/763,jupyterhub/binderhub,https://github.com/jupyterhub/binderhub,2019-01-10T10:58:54Z,2019-01-10T10:58:54Z,,False,created,"<a href=""https://github.com/jupyterhub/binderhub/issues/763"" rel=""noopener noreferrer"" target=""_blank"">Consolidating all Binder/BinderHub documentation into one place</a>","<a href=""https://github.com/jupyterhub/binderhub"" rel=""noopener noreferrer"" target=""_blank"">jupyterhub/binderhub</a>",open
803,Docs Improvement | Set up BinderHub,https://github.com/jupyterhub/binderhub/issues/803,jupyterhub/binderhub,https://github.com/jupyterhub/binderhub,2019-03-08T15:45:50Z,2021-09-21T13:36:13Z,,False,created,"<a href=""https://github.com/jupyterhub/binderhub/issues/803"" rel=""noopener noreferrer"" target=""_blank"">Docs Improvement | Set up BinderHub</a>","<a href=""https://github.com/jupyterhub/binderhub"" rel=""noopener noreferrer"" target=""_blank"">jupyterhub/binderhub</a>",open
1187,Update UI so interface options are more discoverable,https://github.com/jupyterhub/binderhub/pull/1187,jupyterhub/binderhub,https://github.com/jupyterhub/binderhub,2020-10-30T17:08:46Z,2022-10-20T13:21:54Z,,True,created,"<a href=""https://github.com/jupyterhub/binderhub/pull/1187"" rel=""noopener noreferrer"" target=""_blank"">Update UI so interface options are more discoverable</a>","<a href=""https://github.com/jupyterhub/binderhub"" rel=""noopener noreferrer"" target=""_blank"">jupyterhub/binderhub</a>",open
1221,Health endpoint of binderhub should still provide valid JSON when endpoint is unhealthy,https://github.com/jupyterhub/binderhub/issues/1221,jupyterhub/binderhub,https://github.com/jupyterhub/binderhub,2020-12-03T15:22:34Z,2020-12-03T21:55:28Z,,False,created,"<a href=""https://github.com/jupyterhub/binderhub/issues/1221"" rel=""noopener noreferrer"" target=""_blank"">Health endpoint of binderhub should still provide valid JSON when endpoint is unhealthy</a>","<a href=""https://github.com/jupyterhub/binderhub"" rel=""noopener noreferrer"" target=""_blank"">jupyterhub/binderhub</a>",open
937,Update progress bar language,https://github.com/jupyterhub/binderhub/issues/937,jupyterhub/binderhub,https://github.com/jupyterhub/binderhub,2019-08-27T09:56:24Z,2019-10-08T19:16:00Z,,False,created,"<a href=""https://github.com/jupyterhub/binderhub/issues/937"" rel=""noopener noreferrer"" target=""_blank"">Update progress bar language</a>","<a href=""https://github.com/jupyterhub/binderhub"" rel=""noopener noreferrer"" target=""_blank"">jupyterhub/binderhub</a>",open
34,Add graphs/a dashboard for k8s master API stats,https://github.com/jupyterhub/grafana-dashboards/issues/34,jupyterhub/grafana-dashboards,https://github.com/jupyterhub/grafana-dashboards,2022-03-15T10:39:06Z,2022-03-15T10:39:07Z,,False,created,"<a href=""https://github.com/jupyterhub/grafana-dashboards/issues/34"" rel=""noopener noreferrer"" target=""_blank"">Add graphs/a dashboard for k8s master API stats</a>","<a href=""https://github.com/jupyterhub/grafana-dashboards"" rel=""noopener noreferrer"" target=""_blank"">jupyterhub/grafana-dashboards</a>",open
2449,New federation member on AWS backed by Pangeo,https://github.com/jupyterhub/mybinder.org-deploy/issues/2449,jupyterhub/mybinder.org-deploy,https://github.com/jupyterhub/mybinder.org-deploy,2022-11-28T14:10:40Z,2022-12-15T15:37:02Z,,False,created,"<a href=""https://github.com/jupyterhub/mybinder.org-deploy/issues/2449"" rel=""noopener noreferrer"" target=""_blank"">New federation member on AWS backed by Pangeo</a>","<a href=""https://github.com/jupyterhub/mybinder.org-deploy"" rel=""noopener noreferrer"" target=""_blank"">jupyterhub/mybinder.org-deploy</a>",open
1210,Refactoring deploy.py and ban.py for different/new federation clusters,https://github.com/jupyterhub/mybinder.org-deploy/issues/1210,jupyterhub/mybinder.org-deploy,https://github.com/jupyterhub/mybinder.org-deploy,2019-10-22T14:24:45Z,2019-10-22T14:25:15Z,,False,created,"<a href=""https://github.com/jupyterhub/mybinder.org-deploy/issues/1210"" rel=""noopener noreferrer"" target=""_blank"">Refactoring deploy.py and ban.py for different/new federation clusters</a>","<a href=""https://github.com/jupyterhub/mybinder.org-deploy"" rel=""noopener noreferrer"" target=""_blank"">jupyterhub/mybinder.org-deploy</a>",open
230,"nbgitpuller link generator: Repo name doesn't get properly populated for Binder links using a Custom URL for ""Application to Open""",https://github.com/jupyterhub/nbgitpuller/issues/230,jupyterhub/nbgitpuller,https://github.com/jupyterhub/nbgitpuller,2021-11-12T16:07:19Z,2023-02-08T10:44:45Z,,False,created,"<a href=""https://github.com/jupyterhub/nbgitpuller/issues/230"" rel=""noopener noreferrer"" target=""_blank"">nbgitpuller link generator: Repo name doesn't get properly populated for Binder links using a Custom URL for ""Application to Open""</a>","<a href=""https://github.com/jupyterhub/nbgitpuller"" rel=""noopener noreferrer"" target=""_blank"">jupyterhub/nbgitpuller</a>",open
156,[Outreachy Task]: EXAMPLE TASK,https://github.com/jupyterhub/outreachy/issues/156,jupyterhub/outreachy,https://github.com/jupyterhub/outreachy,2023-01-16T10:18:54Z,2023-06-29T11:45:37Z,,False,created,"<a href=""https://github.com/jupyterhub/outreachy/issues/156"" rel=""noopener noreferrer"" target=""_blank"">[Outreachy Task]: EXAMPLE TASK</a>","<a href=""https://github.com/jupyterhub/outreachy"" rel=""noopener noreferrer"" target=""_blank"">jupyterhub/outreachy</a>",open
203,Figure out how to prettify tables rendered by PyScript,https://github.com/jupyterhub/outreachy/issues/203,jupyterhub/outreachy,https://github.com/jupyterhub/outreachy,2023-06-29T13:38:11Z,2023-06-29T13:38:32Z,,False,created,"<a href=""https://github.com/jupyterhub/outreachy/issues/203"" rel=""noopener noreferrer"" target=""_blank"">Figure out how to prettify tables rendered by PyScript</a>","<a href=""https://github.com/jupyterhub/outreachy"" rel=""noopener noreferrer"" target=""_blank"">jupyterhub/outreachy</a>",open
143,Consider more thorough review guidelines,https://github.com/jupyterhub/outreachy/issues/143,jupyterhub/outreachy,https://github.com/jupyterhub/outreachy,2022-11-24T17:00:35Z,2022-11-24T17:01:37Z,,False,created,"<a href=""https://github.com/jupyterhub/outreachy/issues/143"" rel=""noopener noreferrer"" target=""_blank"">Consider more thorough review guidelines</a>","<a href=""https://github.com/jupyterhub/outreachy"" rel=""noopener noreferrer"" target=""_blank"">jupyterhub/outreachy</a>",open
179,[Outreachy Project Proposal]: EXAMPLE PROJECT PROPOSAL,https://github.com/jupyterhub/outreachy/issues/179,jupyterhub/outreachy,https://github.com/jupyterhub/outreachy,2023-02-07T15:58:51Z,2023-02-07T15:58:51Z,,False,created,"<a href=""https://github.com/jupyterhub/outreachy/issues/179"" rel=""noopener noreferrer"" target=""_blank"">[Outreachy Project Proposal]: EXAMPLE PROJECT PROPOSAL</a>","<a href=""https://github.com/jupyterhub/outreachy"" rel=""noopener noreferrer"" target=""_blank"">jupyterhub/outreachy</a>",open
176,Docs: Update homepage,https://github.com/jupyterhub/outreachy/issues/176,jupyterhub/outreachy,https://github.com/jupyterhub/outreachy,2023-02-03T16:35:18Z,2023-02-03T16:35:22Z,,False,assigned:created,"<a href=""https://github.com/jupyterhub/outreachy/issues/176"" rel=""noopener noreferrer"" target=""_blank"">Docs: Update homepage</a>","<a href=""https://github.com/jupyterhub/outreachy"" rel=""noopener noreferrer"" target=""_blank"">jupyterhub/outreachy</a>",open
174,Docs: Add a reference section,https://github.com/jupyterhub/outreachy/issues/174,jupyterhub/outreachy,https://github.com/jupyterhub/outreachy,2023-02-03T14:27:41Z,2023-02-07T17:24:56Z,,False,assigned:created,"<a href=""https://github.com/jupyterhub/outreachy/issues/174"" rel=""noopener noreferrer"" target=""_blank"">Docs: Add a reference section</a>","<a href=""https://github.com/jupyterhub/outreachy"" rel=""noopener noreferrer"" target=""_blank"">jupyterhub/outreachy</a>",open
210,Remove source sub-dir under docs and bring those file up a level,https://github.com/jupyterhub/outreachy/issues/210,jupyterhub/outreachy,https://github.com/jupyterhub/outreachy,2023-07-11T10:36:11Z,2023-12-12T11:52:03Z,,False,assigned:created,"<a href=""https://github.com/jupyterhub/outreachy/issues/210"" rel=""noopener noreferrer"" target=""_blank"">Remove source sub-dir under docs and bring those file up a level</a>","<a href=""https://github.com/jupyterhub/outreachy"" rel=""noopener noreferrer"" target=""_blank"">jupyterhub/outreachy</a>",open
903,The Julia version I request isn't the Julia version I get?,https://github.com/jupyterhub/repo2docker/issues/903,jupyterhub/repo2docker,https://github.com/jupyterhub/repo2docker,2020-06-02T15:32:17Z,2021-03-12T09:30:53Z,,False,created,"<a href=""https://github.com/jupyterhub/repo2docker/issues/903"" rel=""noopener noreferrer"" target=""_blank"">The Julia version I request isn't the Julia version I get?</a>","<a href=""https://github.com/jupyterhub/repo2docker"" rel=""noopener noreferrer"" target=""_blank"">jupyterhub/repo2docker</a>",open
701,Make the names of r2d generated images more readable,https://github.com/jupyterhub/repo2docker/issues/701,jupyterhub/repo2docker,https://github.com/jupyterhub/repo2docker,2019-06-05T15:13:25Z,2021-05-18T10:03:14Z,,False,created,"<a href=""https://github.com/jupyterhub/repo2docker/issues/701"" rel=""noopener noreferrer"" target=""_blank"">Make the names of r2d generated images more readable</a>","<a href=""https://github.com/jupyterhub/repo2docker"" rel=""noopener noreferrer"" target=""_blank"">jupyterhub/repo2docker</a>",open
860,[DOCS] Specifying R version in runtime.txt does not seem to be mentioned,https://github.com/jupyterhub/repo2docker/issues/860,jupyterhub/repo2docker,https://github.com/jupyterhub/repo2docker,2020-03-04T15:49:59Z,2020-03-05T07:54:14Z,,False,created,"<a href=""https://github.com/jupyterhub/repo2docker/issues/860"" rel=""noopener noreferrer"" target=""_blank"">[DOCS] Specifying R version in runtime.txt does not seem to be mentioned</a>","<a href=""https://github.com/jupyterhub/repo2docker"" rel=""noopener noreferrer"" target=""_blank"">jupyterhub/repo2docker</a>",open
873,--cache-from CLI flag not actually doing anything?,https://github.com/jupyterhub/repo2docker/issues/873,jupyterhub/repo2docker,https://github.com/jupyterhub/repo2docker,2020-04-15T16:19:20Z,2020-04-28T09:17:48Z,,False,created,"<a href=""https://github.com/jupyterhub/repo2docker/issues/873"" rel=""noopener noreferrer"" target=""_blank"">--cache-from CLI flag not actually doing anything?</a>","<a href=""https://github.com/jupyterhub/repo2docker"" rel=""noopener noreferrer"" target=""_blank"">jupyterhub/repo2docker</a>",open
1316,Unable to launch RStudio from repo2docker,https://github.com/jupyterhub/repo2docker/issues/1316,jupyterhub/repo2docker,https://github.com/jupyterhub/repo2docker,2023-10-20T14:38:19Z,2023-10-26T23:37:07Z,,False,created,"<a href=""https://github.com/jupyterhub/repo2docker/issues/1316"" rel=""noopener noreferrer"" target=""_blank"">Unable to launch RStudio from repo2docker</a>","<a href=""https://github.com/jupyterhub/repo2docker"" rel=""noopener noreferrer"" target=""_blank"">jupyterhub/repo2docker</a>",open
217,Technical checklist for joining the BinderHub Federation,https://github.com/jupyterhub/team-compass/issues/217,jupyterhub/team-compass,https://github.com/jupyterhub/team-compass,2019-10-16T10:19:45Z,2020-06-04T21:21:53Z,,False,created,"<a href=""https://github.com/jupyterhub/team-compass/issues/217"" rel=""noopener noreferrer"" target=""_blank"">Technical checklist for joining the BinderHub Federation</a>","<a href=""https://github.com/jupyterhub/team-compass"" rel=""noopener noreferrer"" target=""_blank"">jupyterhub/team-compass</a>",open
514,Upstream the crypto-mining prevention tools we use on mybinder.org into the BinderHub helm chart?,https://github.com/jupyterhub/team-compass/issues/514,jupyterhub/team-compass,https://github.com/jupyterhub/team-compass,2022-05-11T12:03:58Z,2022-05-23T14:42:33Z,,False,created,"<a href=""https://github.com/jupyterhub/team-compass/issues/514"" rel=""noopener noreferrer"" target=""_blank"">Upstream the crypto-mining prevention tools we use on mybinder.org into the BinderHub helm chart?</a>","<a href=""https://github.com/jupyterhub/team-compass"" rel=""noopener noreferrer"" target=""_blank"">jupyterhub/team-compass</a>",open
618,Split and refactor the team meeting format (2/2): Steering Council Meeting,https://github.com/jupyterhub/team-compass/issues/618,jupyterhub/team-compass,https://github.com/jupyterhub/team-compass,2023-01-19T12:57:14Z,2023-02-07T10:05:35Z,,False,created,"<a href=""https://github.com/jupyterhub/team-compass/issues/618"" rel=""noopener noreferrer"" target=""_blank"">Split and refactor the team meeting format (2/2): Steering Council Meeting</a>","<a href=""https://github.com/jupyterhub/team-compass"" rel=""noopener noreferrer"" target=""_blank"">jupyterhub/team-compass</a>",open
711,Add February Collab Cafe notes,https://github.com/jupyterhub/team-compass/pull/711,jupyterhub/team-compass,https://github.com/jupyterhub/team-compass,2024-02-26T19:01:01Z,2024-03-06T15:33:16Z,2024-03-06T14:32:10Z,True,created:closed_last_week:updated_last_week,"<a href=""https://github.com/jupyterhub/team-compass/pull/711"" rel=""noopener noreferrer"" target=""_blank"">Add February Collab Cafe notes</a>","<a href=""https://github.com/jupyterhub/team-compass"" rel=""noopener noreferrer"" target=""_blank"">jupyterhub/team-compass</a>",closed
707,Collab Cafe - February 2024,https://github.com/jupyterhub/team-compass/issues/707,jupyterhub/team-compass,https://github.com/jupyterhub/team-compass,2024-01-22T15:21:27Z,2024-03-06T14:32:11Z,2024-03-06T14:32:11Z,False,created:closed_last_week:updated_last_week,"<a href=""https://github.com/jupyterhub/team-compass/issues/707"" rel=""noopener noreferrer"" target=""_blank"">Collab Cafe - February 2024</a>","<a href=""https://github.com/jupyterhub/team-compass"" rel=""noopener noreferrer"" target=""_blank"">jupyterhub/team-compass</a>",closed
684,Reflections on 6 months of Collab Cafe,https://github.com/jupyterhub/team-compass/issues/684,jupyterhub/team-compass,https://github.com/jupyterhub/team-compass,2023-10-10T12:33:48Z,2024-01-05T11:38:39Z,,False,assigned:created,"<a href=""https://github.com/jupyterhub/team-compass/issues/684"" rel=""noopener noreferrer"" target=""_blank"">Reflections on 6 months of Collab Cafe</a>","<a href=""https://github.com/jupyterhub/team-compass"" rel=""noopener noreferrer"" target=""_blank"">jupyterhub/team-compass</a>",open
712,Collab Cafe - March 2024,https://github.com/jupyterhub/team-compass/issues/712,jupyterhub/team-compass,https://github.com/jupyterhub/team-compass,2024-02-26T19:03:30Z,2024-02-26T19:03:30Z,,False,created,"<a href=""https://github.com/jupyterhub/team-compass/issues/712"" rel=""noopener noreferrer"" target=""_blank"">Collab Cafe - March 2024</a>","<a href=""https://github.com/jupyterhub/team-compass"" rel=""noopener noreferrer"" target=""_blank"">jupyterhub/team-compass</a>",open
685,How can community members ASK to join our Contributor/Maintainer team?,https://github.com/jupyterhub/team-compass/issues/685,jupyterhub/team-compass,https://github.com/jupyterhub/team-compass,2023-10-11T17:03:41Z,2023-12-12T11:51:21Z,,False,assigned:created,"<a href=""https://github.com/jupyterhub/team-compass/issues/685"" rel=""noopener noreferrer"" target=""_blank"">How can community members ASK to join our Contributor/Maintainer team?</a>","<a href=""https://github.com/jupyterhub/team-compass"" rel=""noopener noreferrer"" target=""_blank"">jupyterhub/team-compass</a>",open
678,Drafting a new Roadmap,https://github.com/jupyterhub/team-compass/issues/678,jupyterhub/team-compass,https://github.com/jupyterhub/team-compass,2023-09-20T13:43:43Z,2023-09-20T13:44:59Z,,False,created,"<a href=""https://github.com/jupyterhub/team-compass/issues/678"" rel=""noopener noreferrer"" target=""_blank"">Drafting a new Roadmap</a>","<a href=""https://github.com/jupyterhub/team-compass"" rel=""noopener noreferrer"" target=""_blank"">jupyterhub/team-compass</a>",open
584,Create a jupyterhub-outreachy google group(s) to centralise communications,https://github.com/jupyterhub/team-compass/issues/584,jupyterhub/team-compass,https://github.com/jupyterhub/team-compass,2022-11-18T12:33:17Z,2022-11-18T12:49:38Z,,False,created,"<a href=""https://github.com/jupyterhub/team-compass/issues/584"" rel=""noopener noreferrer"" target=""_blank"">Create a jupyterhub-outreachy google group(s) to centralise communications</a>","<a href=""https://github.com/jupyterhub/team-compass"" rel=""noopener noreferrer"" target=""_blank"">jupyterhub/team-compass</a>",open
624,Find a place to acknowledge people for specific contributions and define which specific contributions warrant explicit acknowledgement,https://github.com/jupyterhub/team-compass/issues/624,jupyterhub/team-compass,https://github.com/jupyterhub/team-compass,2023-02-09T16:59:42Z,2023-02-10T09:58:07Z,,False,created,"<a href=""https://github.com/jupyterhub/team-compass/issues/624"" rel=""noopener noreferrer"" target=""_blank"">Find a place to acknowledge people for specific contributions and define which specific contributions warrant explicit acknowledgement</a>","<a href=""https://github.com/jupyterhub/team-compass"" rel=""noopener noreferrer"" target=""_blank"">jupyterhub/team-compass</a>",open
1165,Docs improvement | Step Zero: k8s on Azure docs,https://github.com/jupyterhub/zero-to-jupyterhub-k8s/issues/1165,jupyterhub/zero-to-jupyterhub-k8s,https://github.com/jupyterhub/zero-to-jupyterhub-k8s,2019-02-27T12:12:29Z,2020-10-06T07:42:07Z,,False,created,"<a href=""https://github.com/jupyterhub/zero-to-jupyterhub-k8s/issues/1165"" rel=""noopener noreferrer"" target=""_blank"">Docs improvement | Step Zero: k8s on Azure docs</a>","<a href=""https://github.com/jupyterhub/zero-to-jupyterhub-k8s"" rel=""noopener noreferrer"" target=""_blank"">jupyterhub/zero-to-jupyterhub-k8s</a>",open
4,Case Study: Sarah // 2i2c,https://github.com/meagdoh/ssi-fellowship/issues/4,meagdoh/ssi-fellowship,https://github.com/meagdoh/ssi-fellowship,2022-08-10T15:35:31Z,2022-08-10T15:35:31Z,,False,created,"<a href=""https://github.com/meagdoh/ssi-fellowship/issues/4"" rel=""noopener noreferrer"" target=""_blank"">Case Study: Sarah // 2i2c</a>","<a href=""https://github.com/meagdoh/ssi-fellowship"" rel=""noopener noreferrer"" target=""_blank"">meagdoh/ssi-fellowship</a>",open
3,"Write a blog post: ""When your mentee becomes your sponsor""",https://github.com/meagdoh/ssi-fellowship/issues/3,meagdoh/ssi-fellowship,https://github.com/meagdoh/ssi-fellowship,2022-08-10T15:31:23Z,2022-08-10T15:31:23Z,,False,created,"<a href=""https://github.com/meagdoh/ssi-fellowship/issues/3"" rel=""noopener noreferrer"" target=""_blank"">Write a blog post: ""When your mentee becomes your sponsor""</a>","<a href=""https://github.com/meagdoh/ssi-fellowship"" rel=""noopener noreferrer"" target=""_blank"">meagdoh/ssi-fellowship</a>",open
74,Do we want dependabot-style PRs?,https://github.com/sgibson91/bump-helm-deps-action/issues/74,sgibson91/bump-helm-deps-action,https://github.com/sgibson91/bump-helm-deps-action,2022-05-13T10:28:51Z,2022-05-13T10:28:51Z,,False,created,"<a href=""https://github.com/sgibson91/bump-helm-deps-action/issues/74"" rel=""noopener noreferrer"" target=""_blank"">Do we want dependabot-style PRs?</a>","<a href=""https://github.com/sgibson91/bump-helm-deps-action"" rel=""noopener noreferrer"" target=""_blank"">sgibson91/bump-helm-deps-action</a>",open
75,Bring back forking ability,https://github.com/sgibson91/bump-helm-deps-action/issues/75,sgibson91/bump-helm-deps-action,https://github.com/sgibson91/bump-helm-deps-action,2022-05-19T17:58:38Z,2022-05-19T17:58:43Z,,False,created,"<a href=""https://github.com/sgibson91/bump-helm-deps-action/issues/75"" rel=""noopener noreferrer"" target=""_blank"">Bring back forking ability</a>","<a href=""https://github.com/sgibson91/bump-helm-deps-action"" rel=""noopener noreferrer"" target=""_blank"">sgibson91/bump-helm-deps-action</a>",open
105,Update tag_bot to accept regexpr and prefix expressions for filtering,https://github.com/sgibson91/bump-helm-deps-action/pull/105,sgibson91/bump-helm-deps-action,https://github.com/sgibson91/bump-helm-deps-action,2022-07-04T12:37:55Z,2022-07-04T13:31:51Z,,True,created,"<a href=""https://github.com/sgibson91/bump-helm-deps-action/pull/105"" rel=""noopener noreferrer"" target=""_blank"">Update tag_bot to accept regexpr and prefix expressions for filtering</a>","<a href=""https://github.com/sgibson91/bump-helm-deps-action"" rel=""noopener noreferrer"" target=""_blank"">sgibson91/bump-helm-deps-action</a>",open
2,Making note of BinderHub chart URL,https://github.com/sgibson91/bump-helm-deps-action/issues/2,sgibson91/bump-helm-deps-action,https://github.com/sgibson91/bump-helm-deps-action,2021-10-08T11:46:01Z,2021-10-15T15:44:03Z,,False,created,"<a href=""https://github.com/sgibson91/bump-helm-deps-action/issues/2"" rel=""noopener noreferrer"" target=""_blank"">Making note of BinderHub chart URL</a>","<a href=""https://github.com/sgibson91/bump-helm-deps-action"" rel=""noopener noreferrer"" target=""_blank"">sgibson91/bump-helm-deps-action</a>",open
73,Add compatibility for more container registries,https://github.com/sgibson91/bump-jhub-image-action/issues/73,sgibson91/bump-jhub-image-action,https://github.com/sgibson91/bump-jhub-image-action,2022-02-22T10:13:38Z,2022-08-02T10:02:41Z,,False,created,"<a href=""https://github.com/sgibson91/bump-jhub-image-action/issues/73"" rel=""noopener noreferrer"" target=""_blank"">Add compatibility for more container registries</a>","<a href=""https://github.com/sgibson91/bump-jhub-image-action"" rel=""noopener noreferrer"" target=""_blank"">sgibson91/bump-jhub-image-action</a>",open
99,Support authentication against Container Registries,https://github.com/sgibson91/bump-jhub-image-action/issues/99,sgibson91/bump-jhub-image-action,https://github.com/sgibson91/bump-jhub-image-action,2022-05-12T19:48:30Z,2022-05-12T19:48:30Z,,False,created,"<a href=""https://github.com/sgibson91/bump-jhub-image-action/issues/99"" rel=""noopener noreferrer"" target=""_blank"">Support authentication against Container Registries</a>","<a href=""https://github.com/sgibson91/bump-jhub-image-action"" rel=""noopener noreferrer"" target=""_blank"">sgibson91/bump-jhub-image-action</a>",open
225,"[ci test] Remove Python v3.8, inlcude Python v3.12",https://github.com/sgibson91/bump-jhub-image-action/pull/225,sgibson91/bump-jhub-image-action,https://github.com/sgibson91/bump-jhub-image-action,2024-03-04T11:16:07Z,2024-03-04T11:20:12Z,2024-03-04T11:20:12Z,True,updated_last_week:created:closed_last_week:created_last_week,"<a href=""https://github.com/sgibson91/bump-jhub-image-action/pull/225"" rel=""noopener noreferrer"" target=""_blank"">[ci test] Remove Python v3.8, inlcude Python v3.12</a>","<a href=""https://github.com/sgibson91/bump-jhub-image-action"" rel=""noopener noreferrer"" target=""_blank"">sgibson91/bump-jhub-image-action</a>",closed
20,Tidy up some of the extra stuff,https://github.com/sgibson91/cross-stitch-carpentry/issues/20,sgibson91/cross-stitch-carpentry,https://github.com/sgibson91/cross-stitch-carpentry,2020-03-13T15:09:54Z,2022-01-14T15:23:46Z,,False,assigned:created,"<a href=""https://github.com/sgibson91/cross-stitch-carpentry/issues/20"" rel=""noopener noreferrer"" target=""_blank"">Tidy up some of the extra stuff</a>","<a href=""https://github.com/sgibson91/cross-stitch-carpentry"" rel=""noopener noreferrer"" target=""_blank"">sgibson91/cross-stitch-carpentry</a>",open
9,Add new layout for index and partials,https://github.com/sgibson91/cv/pull/9,sgibson91/cv,https://github.com/sgibson91/cv,2023-03-30T14:34:04Z,2023-03-30T14:34:11Z,,True,created,"<a href=""https://github.com/sgibson91/cv/pull/9"" rel=""noopener noreferrer"" target=""_blank"">Add new layout for index and partials</a>","<a href=""https://github.com/sgibson91/cv"" rel=""noopener noreferrer"" target=""_blank"">sgibson91/cv</a>",open
6,Course pilot and final version of the course,https://github.com/sgibson91/fair-research-software/issues/6,sgibson91/fair-research-software,https://github.com/sgibson91/fair-research-software,2023-12-12T13:18:53Z,2023-12-12T13:18:53Z,,False,assigned:created,"<a href=""https://github.com/sgibson91/fair-research-software/issues/6"" rel=""noopener noreferrer"" target=""_blank"">Course pilot and final version of the course</a>","<a href=""https://github.com/sgibson91/fair-research-software"" rel=""noopener noreferrer"" target=""_blank"">sgibson91/fair-research-software</a>",open
5,Second draft of course (all episodes),https://github.com/sgibson91/fair-research-software/issues/5,sgibson91/fair-research-software,https://github.com/sgibson91/fair-research-software,2023-12-12T13:18:11Z,2023-12-12T13:18:11Z,,False,assigned:created,"<a href=""https://github.com/sgibson91/fair-research-software/issues/5"" rel=""noopener noreferrer"" target=""_blank"">Second draft of course (all episodes)</a>","<a href=""https://github.com/sgibson91/fair-research-software"" rel=""noopener noreferrer"" target=""_blank"">sgibson91/fair-research-software</a>",open
4,First draft of episodes,https://github.com/sgibson91/fair-research-software/issues/4,sgibson91/fair-research-software,https://github.com/sgibson91/fair-research-software,2023-12-12T13:17:20Z,2023-12-12T13:17:20Z,,False,assigned:created,"<a href=""https://github.com/sgibson91/fair-research-software/issues/4"" rel=""noopener noreferrer"" target=""_blank"">First draft of episodes</a>","<a href=""https://github.com/sgibson91/fair-research-software"" rel=""noopener noreferrer"" target=""_blank"">sgibson91/fair-research-software</a>",open
33,Add .repowatch functionality,https://github.com/sgibson91/github-activity-dashboard/issues/33,sgibson91/github-activity-dashboard,https://github.com/sgibson91/github-activity-dashboard,2021-12-10T11:43:51Z,2022-01-19T11:43:56Z,,False,assigned:created,"<a href=""https://github.com/sgibson91/github-activity-dashboard/issues/33"" rel=""noopener noreferrer"" target=""_blank"">Add .repowatch functionality</a>","<a href=""https://github.com/sgibson91/github-activity-dashboard"" rel=""noopener noreferrer"" target=""_blank"">sgibson91/github-activity-dashboard</a>",open
216,Update Python runtime to v3.12,https://github.com/sgibson91/github-activity-dashboard/pull/216,sgibson91/github-activity-dashboard,https://github.com/sgibson91/github-activity-dashboard,2024-03-04T11:30:15Z,2024-03-04T11:31:44Z,2024-03-04T11:31:43Z,True,updated_last_week:created:closed_last_week:created_last_week,"<a href=""https://github.com/sgibson91/github-activity-dashboard/pull/216"" rel=""noopener noreferrer"" target=""_blank"">Update Python runtime to v3.12</a>","<a href=""https://github.com/sgibson91/github-activity-dashboard"" rel=""noopener noreferrer"" target=""_blank"">sgibson91/github-activity-dashboard</a>",closed
74,Provide patch update workflow to sync downstream templates,https://github.com/sgibson91/github-activity-dashboard/issues/74,sgibson91/github-activity-dashboard,https://github.com/sgibson91/github-activity-dashboard,2022-09-26T19:38:48Z,2022-09-26T19:45:34Z,,False,assigned:created,"<a href=""https://github.com/sgibson91/github-activity-dashboard/issues/74"" rel=""noopener noreferrer"" target=""_blank"">Provide patch update workflow to sync downstream templates</a>","<a href=""https://github.com/sgibson91/github-activity-dashboard"" rel=""noopener noreferrer"" target=""_blank"">sgibson91/github-activity-dashboard</a>",open
179,Add portfolio,https://github.com/sgibson91/sgibson91.github.io/pull/179,sgibson91/sgibson91.github.io,https://github.com/sgibson91/sgibson91.github.io,2022-10-06T21:23:28Z,2023-03-30T11:54:31Z,,True,created,"<a href=""https://github.com/sgibson91/sgibson91.github.io/pull/179"" rel=""noopener noreferrer"" target=""_blank"">Add portfolio</a>","<a href=""https://github.com/sgibson91/sgibson91.github.io"" rel=""noopener noreferrer"" target=""_blank"">sgibson91/sgibson91.github.io</a>",open
118,Convert old project pages into a Portfolio page,https://github.com/sgibson91/sgibson91.github.io/issues/118,sgibson91/sgibson91.github.io,https://github.com/sgibson91/sgibson91.github.io,2022-01-06T10:16:06Z,2022-10-09T15:58:48Z,,False,assigned:created,"<a href=""https://github.com/sgibson91/sgibson91.github.io/issues/118"" rel=""noopener noreferrer"" target=""_blank"">Convert old project pages into a Portfolio page</a>","<a href=""https://github.com/sgibson91/sgibson91.github.io"" rel=""noopener noreferrer"" target=""_blank"">sgibson91/sgibson91.github.io</a>",open
1,Test,https://github.com/sgibson91/test-calendar-updates/issues/1,sgibson91/test-calendar-updates,https://github.com/sgibson91/test-calendar-updates,2023-09-11T15:18:15Z,2023-09-12T09:50:01Z,,False,created,"<a href=""https://github.com/sgibson91/test-calendar-updates/issues/1"" rel=""noopener noreferrer"" target=""_blank"">Test</a>","<a href=""https://github.com/sgibson91/test-calendar-updates"" rel=""noopener noreferrer"" target=""_blank"">sgibson91/test-calendar-updates</a>",open
2,TEst 2,https://github.com/sgibson91/test-calendar-updates/issues/2,sgibson91/test-calendar-updates,https://github.com/sgibson91/test-calendar-updates,2023-09-11T15:21:54Z,2023-09-12T10:02:56Z,,False,created,"<a href=""https://github.com/sgibson91/test-calendar-updates/issues/2"" rel=""noopener noreferrer"" target=""_blank"">TEst 2</a>","<a href=""https://github.com/sgibson91/test-calendar-updates"" rel=""noopener noreferrer"" target=""_blank"">sgibson91/test-calendar-updates</a>",open
32,[BUG] Using `permissions` key to set GITHUB_TOKEN when running the action,https://github.com/sgibson91/test-this-pr-action/issues/32,sgibson91/test-this-pr-action,https://github.com/sgibson91/test-this-pr-action,2021-08-18T15:40:37Z,2021-09-30T10:26:16Z,,False,created,"<a href=""https://github.com/sgibson91/test-this-pr-action/issues/32"" rel=""noopener noreferrer"" target=""_blank"">[BUG] Using `permissions` key to set GITHUB_TOKEN when running the action</a>","<a href=""https://github.com/sgibson91/test-this-pr-action"" rel=""noopener noreferrer"" target=""_blank"">sgibson91/test-this-pr-action</a>",open
3099,(More) Reproducible Builds with pip-tools,https://github.com/the-turing-way/the-turing-way/issues/3099,the-turing-way/the-turing-way,https://github.com/the-turing-way/the-turing-way,2023-05-22T13:58:41Z,2023-06-02T15:03:29Z,,False,assigned,"<a href=""https://github.com/the-turing-way/the-turing-way/issues/3099"" rel=""noopener noreferrer"" target=""_blank"">(More) Reproducible Builds with pip-tools</a>","<a href=""https://github.com/the-turing-way/the-turing-way"" rel=""noopener noreferrer"" target=""_blank"">the-turing-way/the-turing-way</a>",open
894,Document how and why we use certain CI conventions in the book,https://github.com/the-turing-way/the-turing-way/issues/894,the-turing-way/the-turing-way,https://github.com/the-turing-way/the-turing-way,2020-02-21T13:28:05Z,2020-02-21T14:16:12Z,,False,created,"<a href=""https://github.com/the-turing-way/the-turing-way/issues/894"" rel=""noopener noreferrer"" target=""_blank"">Document how and why we use certain CI conventions in the book</a>","<a href=""https://github.com/the-turing-way/the-turing-way"" rel=""noopener noreferrer"" target=""_blank"">the-turing-way/the-turing-way</a>",open
3198,Convention to italicise The Turing Way in the book missing from the style guide?,https://github.com/the-turing-way/the-turing-way/issues/3198,the-turing-way/the-turing-way,https://github.com/the-turing-way/the-turing-way,2023-06-12T15:19:42Z,2023-11-02T13:59:04Z,,False,created,"<a href=""https://github.com/the-turing-way/the-turing-way/issues/3198"" rel=""noopener noreferrer"" target=""_blank"">Convention to italicise The Turing Way in the book missing from the style guide?</a>","<a href=""https://github.com/the-turing-way/the-turing-way"" rel=""noopener noreferrer"" target=""_blank"">the-turing-way/the-turing-way</a>",open
2481,Swap from Netlify to ReadTheDocs,https://github.com/the-turing-way/the-turing-way/issues/2481,the-turing-way/the-turing-way,https://github.com/the-turing-way/the-turing-way,2022-08-01T10:14:24Z,2023-04-11T21:12:47Z,,False,created,"<a href=""https://github.com/the-turing-way/the-turing-way/issues/2481"" rel=""noopener noreferrer"" target=""_blank"">Swap from Netlify to ReadTheDocs</a>","<a href=""https://github.com/the-turing-way/the-turing-way"" rel=""noopener noreferrer"" target=""_blank"">the-turing-way/the-turing-way</a>",open
2809,Planning Documentation for Infrastructure Maintainers,https://github.com/the-turing-way/the-turing-way/issues/2809,the-turing-way/the-turing-way,https://github.com/the-turing-way/the-turing-way,2022-11-15T13:17:01Z,2024-01-24T12:29:37Z,,False,assigned,"<a href=""https://github.com/the-turing-way/the-turing-way/issues/2809"" rel=""noopener noreferrer"" target=""_blank"">Planning Documentation for Infrastructure Maintainers</a>","<a href=""https://github.com/the-turing-way/the-turing-way"" rel=""noopener noreferrer"" target=""_blank"">the-turing-way/the-turing-way</a>",open
1542,Migrate site redirects to use sphinx-native rediraffe instead of relying on Netlify,https://github.com/the-turing-way/the-turing-way/issues/1542,the-turing-way/the-turing-way,https://github.com/the-turing-way/the-turing-way,2020-11-10T10:24:51Z,2023-04-20T09:33:29Z,,False,assigned:created,"<a href=""https://github.com/the-turing-way/the-turing-way/issues/1542"" rel=""noopener noreferrer"" target=""_blank"">Migrate site redirects to use sphinx-native rediraffe instead of relying on Netlify</a>","<a href=""https://github.com/the-turing-way/the-turing-way"" rel=""noopener noreferrer"" target=""_blank"">the-turing-way/the-turing-way</a>",open
3039,Add attribution for (open source) software/infrastructure that The Turing Way uses,https://github.com/the-turing-way/the-turing-way/issues/3039,the-turing-way/the-turing-way,https://github.com/the-turing-way/the-turing-way,2023-04-11T14:39:37Z,2023-07-15T12:23:52Z,,False,assigned,"<a href=""https://github.com/the-turing-way/the-turing-way/issues/3039"" rel=""noopener noreferrer"" target=""_blank"">Add attribution for (open source) software/infrastructure that The Turing Way uses</a>","<a href=""https://github.com/the-turing-way/the-turing-way"" rel=""noopener noreferrer"" target=""_blank"">the-turing-way/the-turing-way</a>",open
682,Document how to reserve DOIs for open access presentations on Zenodo,https://github.com/the-turing-way/the-turing-way/issues/682,the-turing-way/the-turing-way,https://github.com/the-turing-way/the-turing-way,2019-09-04T18:10:08Z,2023-06-16T09:48:12Z,,False,created,"<a href=""https://github.com/the-turing-way/the-turing-way/issues/682"" rel=""noopener noreferrer"" target=""_blank"">Document how to reserve DOIs for open access presentations on Zenodo</a>","<a href=""https://github.com/the-turing-way/the-turing-way"" rel=""noopener noreferrer"" target=""_blank"">the-turing-way/the-turing-way</a>",open
400,Integrating the Case Studies from different repos,https://github.com/the-turing-way/the-turing-way/issues/400,the-turing-way/the-turing-way,https://github.com/the-turing-way/the-turing-way,2019-04-17T18:46:38Z,2022-11-01T11:00:19Z,,False,created,"<a href=""https://github.com/the-turing-way/the-turing-way/issues/400"" rel=""noopener noreferrer"" target=""_blank"">Integrating the Case Studies from different repos</a>","<a href=""https://github.com/the-turing-way/the-turing-way"" rel=""noopener noreferrer"" target=""_blank"">the-turing-way/the-turing-way</a>",open
114,"Create a ""How to Present the Turing Way"" Guide",https://github.com/the-turing-way/the-turing-way/issues/114,the-turing-way/the-turing-way,https://github.com/the-turing-way/the-turing-way,2019-01-11T11:04:31Z,2024-02-21T17:34:45Z,2024-02-21T17:34:45Z,False,created:closed_last_month,"<a href=""https://github.com/the-turing-way/the-turing-way/issues/114"" rel=""noopener noreferrer"" target=""_blank"">Create a ""How to Present the Turing Way"" Guide</a>","<a href=""https://github.com/the-turing-way/the-turing-way"" rel=""noopener noreferrer"" target=""_blank"">the-turing-way/the-turing-way</a>",closed
2308,[BUG] Netlify previews showing zero-to-binder page,https://github.com/the-turing-way/the-turing-way/issues/2308,the-turing-way/the-turing-way,https://github.com/the-turing-way/the-turing-way,2022-03-26T00:57:33Z,2023-04-01T04:21:58Z,,False,assigned,"<a href=""https://github.com/the-turing-way/the-turing-way/issues/2308"" rel=""noopener noreferrer"" target=""_blank"">[BUG] Netlify previews showing zero-to-binder page</a>","<a href=""https://github.com/the-turing-way/the-turing-way"" rel=""noopener noreferrer"" target=""_blank"">the-turing-way/the-turing-way</a>",open
1008,[WIP] 1005/chapter/remote events,https://github.com/the-turing-way/the-turing-way/pull/1008,the-turing-way/the-turing-way,https://github.com/the-turing-way/the-turing-way,2020-04-02T13:43:07Z,2021-11-02T19:29:03Z,,True,created,"<a href=""https://github.com/the-turing-way/the-turing-way/pull/1008"" rel=""noopener noreferrer"" target=""_blank"">[WIP] 1005/chapter/remote events</a>","<a href=""https://github.com/the-turing-way/the-turing-way"" rel=""noopener noreferrer"" target=""_blank"">the-turing-way/the-turing-way</a>",open
763,[Ready for Review] REG Open Source Dash,https://github.com/the-turing-way/the-turing-way/pull/763,the-turing-way/the-turing-way,https://github.com/the-turing-way/the-turing-way,2019-11-27T13:58:15Z,2021-10-26T10:46:27Z,,True,created,"<a href=""https://github.com/the-turing-way/the-turing-way/pull/763"" rel=""noopener noreferrer"" target=""_blank"">[Ready for Review] REG Open Source Dash</a>","<a href=""https://github.com/the-turing-way/the-turing-way"" rel=""noopener noreferrer"" target=""_blank"">the-turing-way/the-turing-way</a>",open
1851,"On-the-fly, personal curation of the book's content",https://github.com/the-turing-way/the-turing-way/issues/1851,the-turing-way/the-turing-way,https://github.com/the-turing-way/the-turing-way,2021-04-20T10:42:30Z,2021-04-20T10:42:30Z,,False,created,"<a href=""https://github.com/the-turing-way/the-turing-way/issues/1851"" rel=""noopener noreferrer"" target=""_blank"">On-the-fly, personal curation of the book's content</a>","<a href=""https://github.com/the-turing-way/the-turing-way"" rel=""noopener noreferrer"" target=""_blank"">the-turing-way/the-turing-way</a>",open
1005,Chapter on Facilitating Collaborations at Remote Events,https://github.com/the-turing-way/the-turing-way/issues/1005,the-turing-way/the-turing-way,https://github.com/the-turing-way/the-turing-way,2020-04-02T08:53:37Z,2020-11-13T12:54:34Z,,False,created,"<a href=""https://github.com/the-turing-way/the-turing-way/issues/1005"" rel=""noopener noreferrer"" target=""_blank"">Chapter on Facilitating Collaborations at Remote Events</a>","<a href=""https://github.com/the-turing-way/the-turing-way"" rel=""noopener noreferrer"" target=""_blank"">the-turing-way/the-turing-way</a>",open
31,Split cryptnono docs into a how-to and a topic,https://github.com/yuvipanda/pilot-hubs/pull/31,yuvipanda/pilot-hubs,https://github.com/yuvipanda/pilot-hubs,2024-01-31T13:54:06Z,2024-02-01T23:05:53Z,2024-02-01T23:05:52Z,True,closed_last_month:assigned:created,"<a href=""https://github.com/yuvipanda/pilot-hubs/pull/31"" rel=""noopener noreferrer"" target=""_blank"">Split cryptnono docs into a how-to and a topic</a>","<a href=""https://github.com/yuvipanda/pilot-hubs"" rel=""noopener noreferrer"" target=""_blank"">yuvipanda/pilot-hubs</a>",closed
