,number,title,link,repository,repo_name,repo_url,created_at,updated_at,pull_request,filter
0,653,"<a href=""https://github.com/2i2c-org/infrastructure/issues/653"" rel=""noopener noreferrer"" target=""_blank"">Migrate home directories of Pangeo users to the 2i2c Hub</a>",https://github.com/2i2c-org/infrastructure/issues/653,"<a href=""https://github.com/2i2c-org/infrastructure"" rel=""noopener noreferrer"" target=""_blank"">2i2c-org/infrastructure</a>",2i2c-org/infrastructure,https://github.com/2i2c-org/infrastructure,2021-09-02T20:44:21Z,2021-10-28T16:30:53Z,False,assigned
1,169,"<a href=""https://github.com/2i2c-org/team-compass/issues/169"" rel=""noopener noreferrer"" target=""_blank"">Play around with FreshDesk UI and understand how it works. Decide if this is a good solution.</a>",https://github.com/2i2c-org/team-compass/issues/169,"<a href=""https://github.com/2i2c-org/team-compass"" rel=""noopener noreferrer"" target=""_blank"">2i2c-org/team-compass</a>",2i2c-org/team-compass,https://github.com/2i2c-org/team-compass,2021-07-21T08:24:25Z,2021-10-28T02:52:19Z,False,assigned
2,718,"<a href=""https://github.com/2i2c-org/infrastructure/issues/718"" rel=""noopener noreferrer"" target=""_blank"">Document our Azure cluster deployment setup</a>",https://github.com/2i2c-org/infrastructure/issues/718,"<a href=""https://github.com/2i2c-org/infrastructure"" rel=""noopener noreferrer"" target=""_blank"">2i2c-org/infrastructure</a>",2i2c-org/infrastructure,https://github.com/2i2c-org/infrastructure,2021-09-29T03:33:04Z,2021-10-28T02:50:35Z,False,assigned
3,519,"<a href=""https://github.com/2i2c-org/infrastructure/issues/519"" rel=""noopener noreferrer"" target=""_blank"">Cleanup unused applications in auth0</a>",https://github.com/2i2c-org/infrastructure/issues/519,"<a href=""https://github.com/2i2c-org/infrastructure"" rel=""noopener noreferrer"" target=""_blank"">2i2c-org/infrastructure</a>",2i2c-org/infrastructure,https://github.com/2i2c-org/infrastructure,2021-07-15T13:42:30Z,2021-10-27T13:36:12Z,False,assigned
4,52,"<a href=""https://github.com/2i2c-org/upstream/issues/52"" rel=""noopener noreferrer"" target=""_blank"">Write a blog post about our `/test-this-pr` infrastructure</a>",https://github.com/2i2c-org/upstream/issues/52,"<a href=""https://github.com/2i2c-org/upstream"" rel=""noopener noreferrer"" target=""_blank"">2i2c-org/upstream</a>",2i2c-org/upstream,https://github.com/2i2c-org/upstream,2021-09-29T16:39:36Z,2021-10-27T10:50:22Z,False,assigned
5,455,"<a href=""https://github.com/jupyterhub/team-compass/issues/455"" rel=""noopener noreferrer"" target=""_blank"">Give a talk about the JupyterHub DEI grant at the CZI meeting</a>",https://github.com/jupyterhub/team-compass/issues/455,"<a href=""https://github.com/jupyterhub/team-compass"" rel=""noopener noreferrer"" target=""_blank"">jupyterhub/team-compass</a>",jupyterhub/team-compass,https://github.com/jupyterhub/team-compass,2021-09-28T18:29:59Z,2021-10-26T16:57:50Z,False,assigned
6,51,"<a href=""https://github.com/2i2c-org/upstream/issues/51"" rel=""noopener noreferrer"" target=""_blank"">Give a talk about the JupyterHub DEI grant at the CZI meeting</a>",https://github.com/2i2c-org/upstream/issues/51,"<a href=""https://github.com/2i2c-org/upstream"" rel=""noopener noreferrer"" target=""_blank"">2i2c-org/upstream</a>",2i2c-org/upstream,https://github.com/2i2c-org/upstream,2021-09-28T18:30:37Z,2021-09-28T19:21:16Z,False,assigned
7,68,"<a href=""https://github.com/alan-turing-institute/the-turing-way/issues/68"" rel=""noopener noreferrer"" target=""_blank"">Blog post: Pros, cons and best practices of using Jupyter Notebooks</a>",https://github.com/alan-turing-institute/the-turing-way/issues/68,"<a href=""https://github.com/alan-turing-institute/the-turing-way"" rel=""noopener noreferrer"" target=""_blank"">alan-turing-institute/the-turing-way</a>",alan-turing-institute/the-turing-way,https://github.com/alan-turing-institute/the-turing-way,2018-12-05T15:21:05Z,2020-01-10T11:34:15Z,False,assigned
8,685,"<a href=""https://github.com/alan-turing-institute/the-turing-way/issues/685"" rel=""noopener noreferrer"" target=""_blank"">How to open source chapter</a>",https://github.com/alan-turing-institute/the-turing-way/issues/685,"<a href=""https://github.com/alan-turing-institute/the-turing-way"" rel=""noopener noreferrer"" target=""_blank"">alan-turing-institute/the-turing-way</a>",alan-turing-institute/the-turing-way,https://github.com/alan-turing-institute/the-turing-way,2019-09-13T15:25:21Z,2019-11-29T14:11:41Z,False,assigned
9,66,"<a href=""https://github.com/alan-turing-institute/the-turing-way/issues/66"" rel=""noopener noreferrer"" target=""_blank"">Capture ""gotchas"" for dependency management</a>",https://github.com/alan-turing-institute/the-turing-way/issues/66,"<a href=""https://github.com/alan-turing-institute/the-turing-way"" rel=""noopener noreferrer"" target=""_blank"">alan-turing-institute/the-turing-way</a>",alan-turing-institute/the-turing-way,https://github.com/alan-turing-institute/the-turing-way,2018-12-05T14:46:20Z,2019-01-10T11:06:29Z,False,assigned
10,462,"<a href=""https://github.com/jupyterhub/team-compass/issues/462"" rel=""noopener noreferrer"" target=""_blank"">Hubs Team Meeting - November 2021</a>",https://github.com/jupyterhub/team-compass/issues/462,"<a href=""https://github.com/jupyterhub/team-compass"" rel=""noopener noreferrer"" target=""_blank"">jupyterhub/team-compass</a>",jupyterhub/team-compass,https://github.com/jupyterhub/team-compass,2021-10-28T16:22:59Z,2021-10-28T16:22:59Z,False,created
11,14,"<a href=""https://github.com/sgibson91/github-activity/pull/14"" rel=""noopener noreferrer"" target=""_blank"">Update README</a>",https://github.com/sgibson91/github-activity/pull/14,"<a href=""https://github.com/sgibson91/github-activity"" rel=""noopener noreferrer"" target=""_blank"">sgibson91/github-activity</a>",sgibson91/github-activity,https://github.com/sgibson91/github-activity,2021-10-28T13:52:07Z,2021-10-28T13:52:12Z,True,created
12,13,"<a href=""https://github.com/sgibson91/github-activity/pull/13"" rel=""noopener noreferrer"" target=""_blank"">Create community files</a>",https://github.com/sgibson91/github-activity/pull/13,"<a href=""https://github.com/sgibson91/github-activity"" rel=""noopener noreferrer"" target=""_blank"">sgibson91/github-activity</a>",sgibson91/github-activity,https://github.com/sgibson91/github-activity,2021-10-28T13:19:58Z,2021-10-28T13:51:38Z,True,created
13,136,"<a href=""https://github.com/2i2c-org/team-compass/issues/136"" rel=""noopener noreferrer"" target=""_blank"">Pangeo Access for 2i2c Engineers</a>",https://github.com/2i2c-org/team-compass/issues/136,"<a href=""https://github.com/2i2c-org/team-compass"" rel=""noopener noreferrer"" target=""_blank"">2i2c-org/team-compass</a>",2i2c-org/team-compass,https://github.com/2i2c-org/team-compass,2021-06-28T12:02:37Z,2021-10-28T12:51:23Z,False,created
14,745,"<a href=""https://github.com/2i2c-org/infrastructure/issues/745"" rel=""noopener noreferrer"" target=""_blank"">Bump version of dask-gateway helm chart we use to 0.9.1 or higher</a>",https://github.com/2i2c-org/infrastructure/issues/745,"<a href=""https://github.com/2i2c-org/infrastructure"" rel=""noopener noreferrer"" target=""_blank"">2i2c-org/infrastructure</a>",2i2c-org/infrastructure,https://github.com/2i2c-org/infrastructure,2021-10-07T09:22:36Z,2021-10-28T02:51:27Z,False,created
15,669,"<a href=""https://github.com/2i2c-org/infrastructure/issues/669"" rel=""noopener noreferrer"" target=""_blank"">Debug why helm chart/config connector doesn't create a new service account</a>",https://github.com/2i2c-org/infrastructure/issues/669,"<a href=""https://github.com/2i2c-org/infrastructure"" rel=""noopener noreferrer"" target=""_blank"">2i2c-org/infrastructure</a>",2i2c-org/infrastructure,https://github.com/2i2c-org/infrastructure,2021-09-10T09:55:42Z,2021-10-28T02:50:35Z,False,created
16,671,"<a href=""https://github.com/2i2c-org/infrastructure/issues/671"" rel=""noopener noreferrer"" target=""_blank"">Collect data and assess node auto-provisioning on Pangeo cluster</a>",https://github.com/2i2c-org/infrastructure/issues/671,"<a href=""https://github.com/2i2c-org/infrastructure"" rel=""noopener noreferrer"" target=""_blank"">2i2c-org/infrastructure</a>",2i2c-org/infrastructure,https://github.com/2i2c-org/infrastructure,2021-09-10T15:40:12Z,2021-10-28T02:50:35Z,False,created
17,677,"<a href=""https://github.com/2i2c-org/infrastructure/issues/677"" rel=""noopener noreferrer"" target=""_blank"">Debug node autoprovisioning: did not match Pod's node affinity</a>",https://github.com/2i2c-org/infrastructure/issues/677,"<a href=""https://github.com/2i2c-org/infrastructure"" rel=""noopener noreferrer"" target=""_blank"">2i2c-org/infrastructure</a>",2i2c-org/infrastructure,https://github.com/2i2c-org/infrastructure,2021-09-13T12:44:21Z,2021-10-28T02:50:35Z,False,created
18,719,"<a href=""https://github.com/2i2c-org/infrastructure/issues/719"" rel=""noopener noreferrer"" target=""_blank"">Dynamically ensure secrets are encrypted with sops</a>",https://github.com/2i2c-org/infrastructure/issues/719,"<a href=""https://github.com/2i2c-org/infrastructure"" rel=""noopener noreferrer"" target=""_blank"">2i2c-org/infrastructure</a>",2i2c-org/infrastructure,https://github.com/2i2c-org/infrastructure,2021-09-29T10:00:09Z,2021-10-28T02:50:35Z,False,created
19,764,"<a href=""https://github.com/2i2c-org/infrastructure/issues/764"" rel=""noopener noreferrer"" target=""_blank"">Enabling per user/per hub storage quotas</a>",https://github.com/2i2c-org/infrastructure/issues/764,"<a href=""https://github.com/2i2c-org/infrastructure"" rel=""noopener noreferrer"" target=""_blank"">2i2c-org/infrastructure</a>",2i2c-org/infrastructure,https://github.com/2i2c-org/infrastructure,2021-10-19T12:27:33Z,2021-10-28T02:50:35Z,False,created
20,771,"<a href=""https://github.com/2i2c-org/infrastructure/issues/771"" rel=""noopener noreferrer"" target=""_blank"">More thorough automated dask testing</a>",https://github.com/2i2c-org/infrastructure/issues/771,"<a href=""https://github.com/2i2c-org/infrastructure"" rel=""noopener noreferrer"" target=""_blank"">2i2c-org/infrastructure</a>",2i2c-org/infrastructure,https://github.com/2i2c-org/infrastructure,2021-10-22T14:56:38Z,2021-10-28T02:50:35Z,False,created
21,629,"<a href=""https://github.com/2i2c-org/infrastructure/issues/629"" rel=""noopener noreferrer"" target=""_blank"">Documenting use of nfs-server-provisioner</a>",https://github.com/2i2c-org/infrastructure/issues/629,"<a href=""https://github.com/2i2c-org/infrastructure"" rel=""noopener noreferrer"" target=""_blank"">2i2c-org/infrastructure</a>",2i2c-org/infrastructure,https://github.com/2i2c-org/infrastructure,2021-08-23T15:12:50Z,2021-10-28T02:50:30Z,False,created
22,679,"<a href=""https://github.com/2i2c-org/infrastructure/issues/679"" rel=""noopener noreferrer"" target=""_blank"">Migrate and Decommission the COESSING hub</a>",https://github.com/2i2c-org/infrastructure/issues/679,"<a href=""https://github.com/2i2c-org/infrastructure"" rel=""noopener noreferrer"" target=""_blank"">2i2c-org/infrastructure</a>",2i2c-org/infrastructure,https://github.com/2i2c-org/infrastructure,2021-09-13T20:30:21Z,2021-10-28T02:50:30Z,False,created
23,698,"<a href=""https://github.com/2i2c-org/infrastructure/issues/698"" rel=""noopener noreferrer"" target=""_blank"">Investigate authenticating GitHub Orgs/Teams through Auth0</a>",https://github.com/2i2c-org/infrastructure/issues/698,"<a href=""https://github.com/2i2c-org/infrastructure"" rel=""noopener noreferrer"" target=""_blank"">2i2c-org/infrastructure</a>",2i2c-org/infrastructure,https://github.com/2i2c-org/infrastructure,2021-09-22T10:10:31Z,2021-10-28T02:50:30Z,False,created
24,482,"<a href=""https://github.com/2i2c-org/infrastructure/issues/482"" rel=""noopener noreferrer"" target=""_blank"">New Hub: Pangeo JupyterHub (GCP)</a>",https://github.com/2i2c-org/infrastructure/issues/482,"<a href=""https://github.com/2i2c-org/infrastructure"" rel=""noopener noreferrer"" target=""_blank"">2i2c-org/infrastructure</a>",2i2c-org/infrastructure,https://github.com/2i2c-org/infrastructure,2021-06-23T14:41:51Z,2021-10-28T02:50:26Z,False,created
25,272,"<a href=""https://github.com/2i2c-org/team-compass/issues/272"" rel=""noopener noreferrer"" target=""_blank"">Write blog post for launch of Pangeo on 2i2c</a>",https://github.com/2i2c-org/team-compass/issues/272,"<a href=""https://github.com/2i2c-org/team-compass"" rel=""noopener noreferrer"" target=""_blank"">2i2c-org/team-compass</a>",2i2c-org/team-compass,https://github.com/2i2c-org/team-compass,2021-10-21T08:18:49Z,2021-10-27T15:03:47Z,False,created
26,776,"<a href=""https://github.com/2i2c-org/infrastructure/pull/776"" rel=""noopener noreferrer"" target=""_blank"">Implement dask-gateway tests</a>",https://github.com/2i2c-org/infrastructure/pull/776,"<a href=""https://github.com/2i2c-org/infrastructure"" rel=""noopener noreferrer"" target=""_blank"">2i2c-org/infrastructure</a>",2i2c-org/infrastructure,https://github.com/2i2c-org/infrastructure,2021-10-25T16:20:13Z,2021-10-27T13:28:40Z,True,created
27,2,"<a href=""https://github.com/sgibson91/bump-helm-deps-action/issues/2"" rel=""noopener noreferrer"" target=""_blank"">Making note of BinderHub chart URL</a>",https://github.com/sgibson91/bump-helm-deps-action/issues/2,"<a href=""https://github.com/sgibson91/bump-helm-deps-action"" rel=""noopener noreferrer"" target=""_blank"">sgibson91/bump-helm-deps-action</a>",sgibson91/bump-helm-deps-action,https://github.com/sgibson91/bump-helm-deps-action,2021-10-08T11:46:01Z,2021-10-15T15:44:03Z,False,created
28,551,"<a href=""https://github.com/WhitakerLab/WhitakerLabProjectManagement/pull/551"" rel=""noopener noreferrer"" target=""_blank"">SG adds update for 2021-10-14</a>",https://github.com/WhitakerLab/WhitakerLabProjectManagement/pull/551,"<a href=""https://github.com/WhitakerLab/WhitakerLabProjectManagement"" rel=""noopener noreferrer"" target=""_blank"">WhitakerLab/WhitakerLabProjectManagement</a>",WhitakerLab/WhitakerLabProjectManagement,https://github.com/WhitakerLab/WhitakerLabProjectManagement,2021-10-13T19:04:34Z,2021-10-13T19:04:54Z,True,created
29,35,"<a href=""https://github.com/sgibson91/bump-jhub-image-action/pull/35"" rel=""noopener noreferrer"" target=""_blank"">Add CI to build and push image to DockerHub</a>",https://github.com/sgibson91/bump-jhub-image-action/pull/35,"<a href=""https://github.com/sgibson91/bump-jhub-image-action"" rel=""noopener noreferrer"" target=""_blank"">sgibson91/bump-jhub-image-action</a>",sgibson91/bump-jhub-image-action,https://github.com/sgibson91/bump-jhub-image-action,2021-10-07T20:04:59Z,2021-10-07T20:06:39Z,True,created
30,32,"<a href=""https://github.com/sgibson91/test-this-pr-action/issues/32"" rel=""noopener noreferrer"" target=""_blank"">[BUG] Using `permissions` key to set GITHUB_TOKEN when running the action</a>",https://github.com/sgibson91/test-this-pr-action/issues/32,"<a href=""https://github.com/sgibson91/test-this-pr-action"" rel=""noopener noreferrer"" target=""_blank"">sgibson91/test-this-pr-action</a>",sgibson91/test-this-pr-action,https://github.com/sgibson91/test-this-pr-action,2021-08-18T15:40:37Z,2021-09-30T10:26:16Z,False,created
31,66,"<a href=""https://github.com/alan-turing-institute/bridge-data-platform/pull/66"" rel=""noopener noreferrer"" target=""_blank"">Bumping Docker image tags</a>",https://github.com/alan-turing-institute/bridge-data-platform/pull/66,"<a href=""https://github.com/alan-turing-institute/bridge-data-platform"" rel=""noopener noreferrer"" target=""_blank"">alan-turing-institute/bridge-data-platform</a>",alan-turing-institute/bridge-data-platform,https://github.com/alan-turing-institute/bridge-data-platform,2021-09-24T15:58:14Z,2021-09-24T15:58:14Z,True,created
32,2,"<a href=""https://github.com/sgibson91/github_api_test/pull/2"" rel=""noopener noreferrer"" target=""_blank"">Updating test.md</a>",https://github.com/sgibson91/github_api_test/pull/2,"<a href=""https://github.com/sgibson91/github_api_test"" rel=""noopener noreferrer"" target=""_blank"">sgibson91/github_api_test</a>",sgibson91/github_api_test,https://github.com/sgibson91/github_api_test,2021-09-24T11:32:10Z,2021-09-24T11:32:10Z,True,created
33,1,"<a href=""https://github.com/sgibson91/github_api_test/pull/1"" rel=""noopener noreferrer"" target=""_blank"">Updating test.md</a>",https://github.com/sgibson91/github_api_test/pull/1,"<a href=""https://github.com/sgibson91/github_api_test"" rel=""noopener noreferrer"" target=""_blank"">sgibson91/github_api_test</a>",sgibson91/github_api_test,https://github.com/sgibson91/github_api_test,2021-09-24T11:04:03Z,2021-09-24T11:04:03Z,True,created
34,447,"<a href=""https://github.com/jupyterhub/team-compass/issues/447"" rel=""noopener noreferrer"" target=""_blank"">Travis CI security breach</a>",https://github.com/jupyterhub/team-compass/issues/447,"<a href=""https://github.com/jupyterhub/team-compass"" rel=""noopener noreferrer"" target=""_blank"">jupyterhub/team-compass</a>",jupyterhub/team-compass,https://github.com/jupyterhub/team-compass,2021-09-14T12:41:33Z,2021-09-15T07:20:06Z,False,created
35,586,"<a href=""https://github.com/2i2c-org/infrastructure/issues/586"" rel=""noopener noreferrer"" target=""_blank"">Improve the hub health check in deployer</a>",https://github.com/2i2c-org/infrastructure/issues/586,"<a href=""https://github.com/2i2c-org/infrastructure"" rel=""noopener noreferrer"" target=""_blank"">2i2c-org/infrastructure</a>",2i2c-org/infrastructure,https://github.com/2i2c-org/infrastructure,2021-08-06T09:47:50Z,2021-09-02T19:53:06Z,False,created
36,577,"<a href=""https://github.com/2i2c-org/infrastructure/issues/577"" rel=""noopener noreferrer"" target=""_blank"">Deploy pangeo-hubs automatically</a>",https://github.com/2i2c-org/infrastructure/issues/577,"<a href=""https://github.com/2i2c-org/infrastructure"" rel=""noopener noreferrer"" target=""_blank"">2i2c-org/infrastructure</a>",2i2c-org/infrastructure,https://github.com/2i2c-org/infrastructure,2021-08-04T09:52:53Z,2021-09-02T18:57:53Z,False,created
37,628,"<a href=""https://github.com/2i2c-org/infrastructure/issues/628"" rel=""noopener noreferrer"" target=""_blank"">Create reference documentation</a>",https://github.com/2i2c-org/infrastructure/issues/628,"<a href=""https://github.com/2i2c-org/infrastructure"" rel=""noopener noreferrer"" target=""_blank"">2i2c-org/infrastructure</a>",2i2c-org/infrastructure,https://github.com/2i2c-org/infrastructure,2021-08-23T15:06:12Z,2021-08-23T23:47:56Z,False,created
38,379,"<a href=""https://github.com/alan-turing-institute/hub23-deploy/issues/379"" rel=""noopener noreferrer"" target=""_blank"">Reclaiming ownership of Azure DevOps org where the Azure Pipelines run</a>",https://github.com/alan-turing-institute/hub23-deploy/issues/379,"<a href=""https://github.com/alan-turing-institute/hub23-deploy"" rel=""noopener noreferrer"" target=""_blank"">alan-turing-institute/hub23-deploy</a>",alan-turing-institute/hub23-deploy,https://github.com/alan-turing-institute/hub23-deploy,2021-08-20T16:05:33Z,2021-08-20T16:05:39Z,False,created
39,1,"<a href=""https://github.com/binderhub-test-org/pr-test/pull/1"" rel=""noopener noreferrer"" target=""_blank"">[DO NOT MERGE] Test PR</a>",https://github.com/binderhub-test-org/pr-test/pull/1,"<a href=""https://github.com/binderhub-test-org/pr-test"" rel=""noopener noreferrer"" target=""_blank"">binderhub-test-org/pr-test</a>",binderhub-test-org/pr-test,https://github.com/binderhub-test-org/pr-test,2021-07-03T15:12:45Z,2021-08-18T15:47:53Z,True,created
40,612,"<a href=""https://github.com/2i2c-org/infrastructure/issues/612"" rel=""noopener noreferrer"" target=""_blank"">Decomission grenoble hub deployment on 2i2c cluster</a>",https://github.com/2i2c-org/infrastructure/issues/612,"<a href=""https://github.com/2i2c-org/infrastructure"" rel=""noopener noreferrer"" target=""_blank"">2i2c-org/infrastructure</a>",2i2c-org/infrastructure,https://github.com/2i2c-org/infrastructure,2021-08-17T10:31:10Z,2021-08-17T17:27:07Z,False,created
41,575,"<a href=""https://github.com/2i2c-org/infrastructure/issues/575"" rel=""noopener noreferrer"" target=""_blank"">Support multiple backends for SOPS</a>",https://github.com/2i2c-org/infrastructure/issues/575,"<a href=""https://github.com/2i2c-org/infrastructure"" rel=""noopener noreferrer"" target=""_blank"">2i2c-org/infrastructure</a>",2i2c-org/infrastructure,https://github.com/2i2c-org/infrastructure,2021-08-03T14:20:51Z,2021-08-11T09:26:19Z,False,created
42,1935,"<a href=""https://github.com/jupyterhub/mybinder.org-deploy/issues/1935"" rel=""noopener noreferrer"" target=""_blank"">Deploy a staging cluster at Turing to add to the staging env for testing</a>",https://github.com/jupyterhub/mybinder.org-deploy/issues/1935,"<a href=""https://github.com/jupyterhub/mybinder.org-deploy"" rel=""noopener noreferrer"" target=""_blank"">jupyterhub/mybinder.org-deploy</a>",jupyterhub/mybinder.org-deploy,https://github.com/jupyterhub/mybinder.org-deploy,2021-06-17T08:27:02Z,2021-08-06T12:08:09Z,False,created
43,176,"<a href=""https://github.com/2i2c-org/team-compass/issues/176"" rel=""noopener noreferrer"" target=""_blank"">Define team process around when and how to share a grafana API key for deploying dashboards</a>",https://github.com/2i2c-org/team-compass/issues/176,"<a href=""https://github.com/2i2c-org/team-compass"" rel=""noopener noreferrer"" target=""_blank"">2i2c-org/team-compass</a>",2i2c-org/team-compass,https://github.com/2i2c-org/team-compass,2021-07-27T10:08:46Z,2021-07-31T11:50:40Z,False,created
44,476,"<a href=""https://github.com/2i2c-org/infrastructure/issues/476"" rel=""noopener noreferrer"" target=""_blank"">Document tools required to work in this repo and deploy hubs successfully</a>",https://github.com/2i2c-org/infrastructure/issues/476,"<a href=""https://github.com/2i2c-org/infrastructure"" rel=""noopener noreferrer"" target=""_blank"">2i2c-org/infrastructure</a>",2i2c-org/infrastructure,https://github.com/2i2c-org/infrastructure,2021-06-18T15:04:55Z,2021-07-13T21:42:23Z,False,created
45,3,"<a href=""https://github.com/2i2c-org/org-ops/issues/3"" rel=""noopener noreferrer"" target=""_blank"">How does this repo fit for projects we don't manage?</a>",https://github.com/2i2c-org/org-ops/issues/3,"<a href=""https://github.com/2i2c-org/org-ops"" rel=""noopener noreferrer"" target=""_blank"">2i2c-org/org-ops</a>",2i2c-org/org-ops,https://github.com/2i2c-org/org-ops,2021-06-28T12:08:55Z,2021-06-28T12:08:55Z,False,created
46,421,"<a href=""https://github.com/jupyterhub/team-compass/issues/421"" rel=""noopener noreferrer"" target=""_blank"">Onboarding Callum: Permissions and Access</a>",https://github.com/jupyterhub/team-compass/issues/421,"<a href=""https://github.com/jupyterhub/team-compass"" rel=""noopener noreferrer"" target=""_blank"">jupyterhub/team-compass</a>",jupyterhub/team-compass,https://github.com/jupyterhub/team-compass,2021-06-17T09:54:42Z,2021-06-25T09:12:17Z,False,created
47,1940,"<a href=""https://github.com/jupyterhub/mybinder.org-deploy/issues/1940"" rel=""noopener noreferrer"" target=""_blank"">Turing Prometheus Server is blocking upgrades</a>",https://github.com/jupyterhub/mybinder.org-deploy/issues/1940,"<a href=""https://github.com/jupyterhub/mybinder.org-deploy"" rel=""noopener noreferrer"" target=""_blank"">jupyterhub/mybinder.org-deploy</a>",jupyterhub/mybinder.org-deploy,https://github.com/jupyterhub/mybinder.org-deploy,2021-06-23T10:37:00Z,2021-06-23T11:22:24Z,False,created
48,112,"<a href=""https://github.com/WhitakerLab/whitakerlab.github.io/issues/112"" rel=""noopener noreferrer"" target=""_blank"">Search function is broken</a>",https://github.com/WhitakerLab/whitakerlab.github.io/issues/112,"<a href=""https://github.com/WhitakerLab/whitakerlab.github.io"" rel=""noopener noreferrer"" target=""_blank"">WhitakerLab/whitakerlab.github.io</a>",WhitakerLab/whitakerlab.github.io,https://github.com/WhitakerLab/whitakerlab.github.io,2021-06-16T14:52:27Z,2021-06-16T14:52:33Z,False,created
49,22,"<a href=""https://github.com/Living-with-machines/deduplify/issues/22"" rel=""noopener noreferrer"" target=""_blank"">Fix GitHub Action to upload to Test PyPI in Pull Request</a>",https://github.com/Living-with-machines/deduplify/issues/22,"<a href=""https://github.com/Living-with-machines/deduplify"" rel=""noopener noreferrer"" target=""_blank"">Living-with-machines/deduplify</a>",Living-with-machines/deduplify,https://github.com/Living-with-machines/deduplify,2021-05-26T14:09:37Z,2021-05-26T14:09:37Z,False,created
50,21,"<a href=""https://github.com/Living-with-machines/deduplify/issues/21"" rel=""noopener noreferrer"" target=""_blank"">Remove `/Users/${USER}` from filename</a>",https://github.com/Living-with-machines/deduplify/issues/21,"<a href=""https://github.com/Living-with-machines/deduplify"" rel=""noopener noreferrer"" target=""_blank"">Living-with-machines/deduplify</a>",Living-with-machines/deduplify,https://github.com/Living-with-machines/deduplify,2021-05-26T13:41:03Z,2021-05-26T13:41:12Z,False,created
51,20,"<a href=""https://github.com/Living-with-machines/deduplify/issues/20"" rel=""noopener noreferrer"" target=""_blank"">Update to handle cases where the length of the filenames are equivalent</a>",https://github.com/Living-with-machines/deduplify/issues/20,"<a href=""https://github.com/Living-with-machines/deduplify"" rel=""noopener noreferrer"" target=""_blank"">Living-with-machines/deduplify</a>",Living-with-machines/deduplify,https://github.com/Living-with-machines/deduplify,2021-05-26T13:27:20Z,2021-05-26T13:34:33Z,False,created
52,26,"<a href=""https://github.com/sgibson91/open-practices-toolkit/pull/26"" rel=""noopener noreferrer"" target=""_blank"">Add interview script</a>",https://github.com/sgibson91/open-practices-toolkit/pull/26,"<a href=""https://github.com/sgibson91/open-practices-toolkit"" rel=""noopener noreferrer"" target=""_blank"">sgibson91/open-practices-toolkit</a>",sgibson91/open-practices-toolkit,https://github.com/sgibson91/open-practices-toolkit,2021-05-25T14:25:33Z,2021-05-25T14:33:09Z,True,created
53,22,"<a href=""https://github.com/sgibson91/open-practices-toolkit/issues/22"" rel=""noopener noreferrer"" target=""_blank"">Organise content</a>",https://github.com/sgibson91/open-practices-toolkit/issues/22,"<a href=""https://github.com/sgibson91/open-practices-toolkit"" rel=""noopener noreferrer"" target=""_blank"">sgibson91/open-practices-toolkit</a>",sgibson91/open-practices-toolkit,https://github.com/sgibson91/open-practices-toolkit,2021-05-10T15:08:10Z,2021-05-10T15:09:50Z,False,created
54,24,"<a href=""https://github.com/sgibson91/open-practices-toolkit/issues/24"" rel=""noopener noreferrer"" target=""_blank"">Contextualise the toolkit</a>",https://github.com/sgibson91/open-practices-toolkit/issues/24,"<a href=""https://github.com/sgibson91/open-practices-toolkit"" rel=""noopener noreferrer"" target=""_blank"">sgibson91/open-practices-toolkit</a>",sgibson91/open-practices-toolkit,https://github.com/sgibson91/open-practices-toolkit,2021-05-10T15:09:28Z,2021-05-10T15:09:28Z,False,created
55,23,"<a href=""https://github.com/sgibson91/open-practices-toolkit/issues/23"" rel=""noopener noreferrer"" target=""_blank"">Advertise toolkit: blog</a>",https://github.com/sgibson91/open-practices-toolkit/issues/23,"<a href=""https://github.com/sgibson91/open-practices-toolkit"" rel=""noopener noreferrer"" target=""_blank"">sgibson91/open-practices-toolkit</a>",sgibson91/open-practices-toolkit,https://github.com/sgibson91/open-practices-toolkit,2021-05-10T15:08:31Z,2021-05-10T15:08:31Z,False,created
56,21,"<a href=""https://github.com/sgibson91/open-practices-toolkit/issues/21"" rel=""noopener noreferrer"" target=""_blank"">Display/host content</a>",https://github.com/sgibson91/open-practices-toolkit/issues/21,"<a href=""https://github.com/sgibson91/open-practices-toolkit"" rel=""noopener noreferrer"" target=""_blank"">sgibson91/open-practices-toolkit</a>",sgibson91/open-practices-toolkit,https://github.com/sgibson91/open-practices-toolkit,2021-05-10T15:07:06Z,2021-05-10T15:07:06Z,False,created
57,20,"<a href=""https://github.com/sgibson91/open-practices-toolkit/issues/20"" rel=""noopener noreferrer"" target=""_blank"">Generalise content to be non-Turing specific</a>",https://github.com/sgibson91/open-practices-toolkit/issues/20,"<a href=""https://github.com/sgibson91/open-practices-toolkit"" rel=""noopener noreferrer"" target=""_blank"">sgibson91/open-practices-toolkit</a>",sgibson91/open-practices-toolkit,https://github.com/sgibson91/open-practices-toolkit,2021-05-10T15:06:42Z,2021-05-10T15:06:42Z,False,created
58,15,"<a href=""https://github.com/sgibson91/open-practices-toolkit/issues/15"" rel=""noopener noreferrer"" target=""_blank"">Informed consent</a>",https://github.com/sgibson91/open-practices-toolkit/issues/15,"<a href=""https://github.com/sgibson91/open-practices-toolkit"" rel=""noopener noreferrer"" target=""_blank"">sgibson91/open-practices-toolkit</a>",sgibson91/open-practices-toolkit,https://github.com/sgibson91/open-practices-toolkit,2021-05-10T14:29:07Z,2021-05-10T14:56:47Z,False,created
59,16,"<a href=""https://github.com/sgibson91/open-practices-toolkit/issues/16"" rel=""noopener noreferrer"" target=""_blank"">Participant Information Sheet</a>",https://github.com/sgibson91/open-practices-toolkit/issues/16,"<a href=""https://github.com/sgibson91/open-practices-toolkit"" rel=""noopener noreferrer"" target=""_blank"">sgibson91/open-practices-toolkit</a>",sgibson91/open-practices-toolkit,https://github.com/sgibson91/open-practices-toolkit,2021-05-10T14:29:08Z,2021-05-10T14:50:52Z,False,created
60,17,"<a href=""https://github.com/sgibson91/open-practices-toolkit/issues/17"" rel=""noopener noreferrer"" target=""_blank"">Ethics Approval</a>",https://github.com/sgibson91/open-practices-toolkit/issues/17,"<a href=""https://github.com/sgibson91/open-practices-toolkit"" rel=""noopener noreferrer"" target=""_blank"">sgibson91/open-practices-toolkit</a>",sgibson91/open-practices-toolkit,https://github.com/sgibson91/open-practices-toolkit,2021-05-10T14:29:10Z,2021-05-10T14:50:26Z,False,created
61,18,"<a href=""https://github.com/sgibson91/open-practices-toolkit/issues/18"" rel=""noopener noreferrer"" target=""_blank"">Interview Script</a>",https://github.com/sgibson91/open-practices-toolkit/issues/18,"<a href=""https://github.com/sgibson91/open-practices-toolkit"" rel=""noopener noreferrer"" target=""_blank"">sgibson91/open-practices-toolkit</a>",sgibson91/open-practices-toolkit,https://github.com/sgibson91/open-practices-toolkit,2021-05-10T14:29:11Z,2021-05-10T14:29:12Z,False,created
62,14,"<a href=""https://github.com/sgibson91/open-practices-toolkit/issues/14"" rel=""noopener noreferrer"" target=""_blank"">Target Respondent Distribution</a>",https://github.com/sgibson91/open-practices-toolkit/issues/14,"<a href=""https://github.com/sgibson91/open-practices-toolkit"" rel=""noopener noreferrer"" target=""_blank"">sgibson91/open-practices-toolkit</a>",sgibson91/open-practices-toolkit,https://github.com/sgibson91/open-practices-toolkit,2021-05-10T14:29:05Z,2021-05-10T14:29:06Z,False,created
63,1210,"<a href=""https://github.com/alan-turing-institute/the-turing-way/issues/1210"" rel=""noopener noreferrer"" target=""_blank"">Rename default branch to remove unnecessary slavery reference</a>",https://github.com/alan-turing-institute/the-turing-way/issues/1210,"<a href=""https://github.com/alan-turing-institute/the-turing-way"" rel=""noopener noreferrer"" target=""_blank"">alan-turing-institute/the-turing-way</a>",alan-turing-institute/the-turing-way,https://github.com/alan-turing-institute/the-turing-way,2020-06-15T08:17:37Z,2021-10-26T19:33:48Z,False,created
64,1850,"<a href=""https://github.com/alan-turing-institute/the-turing-way/pull/1850"" rel=""noopener noreferrer"" target=""_blank"">[WIP] Move Binder tutorial into the Comms Guide</a>",https://github.com/alan-turing-institute/the-turing-way/pull/1850,"<a href=""https://github.com/alan-turing-institute/the-turing-way"" rel=""noopener noreferrer"" target=""_blank"">alan-turing-institute/the-turing-way</a>",alan-turing-institute/the-turing-way,https://github.com/alan-turing-institute/the-turing-way,2021-04-14T08:14:20Z,2021-10-26T10:46:28Z,True,created
65,763,"<a href=""https://github.com/alan-turing-institute/the-turing-way/pull/763"" rel=""noopener noreferrer"" target=""_blank"">[Ready for Review] REG Open Source Dash</a>",https://github.com/alan-turing-institute/the-turing-way/pull/763,"<a href=""https://github.com/alan-turing-institute/the-turing-way"" rel=""noopener noreferrer"" target=""_blank"">alan-turing-institute/the-turing-way</a>",alan-turing-institute/the-turing-way,https://github.com/alan-turing-institute/the-turing-way,2019-11-27T13:58:15Z,2021-10-26T10:46:27Z,True,created
66,820,"<a href=""https://github.com/alan-turing-institute/the-turing-way/pull/820"" rel=""noopener noreferrer"" target=""_blank"">Turing joins the Binder Federation post - Jupyter blog version</a>",https://github.com/alan-turing-institute/the-turing-way/pull/820,"<a href=""https://github.com/alan-turing-institute/the-turing-way"" rel=""noopener noreferrer"" target=""_blank"">alan-turing-institute/the-turing-way</a>",alan-turing-institute/the-turing-way,https://github.com/alan-turing-institute/the-turing-way,2020-02-07T11:58:00Z,2021-10-26T10:46:27Z,True,created
67,1008,"<a href=""https://github.com/alan-turing-institute/the-turing-way/pull/1008"" rel=""noopener noreferrer"" target=""_blank"">[WIP] 1005/chapter/remote events</a>",https://github.com/alan-turing-institute/the-turing-way/pull/1008,"<a href=""https://github.com/alan-turing-institute/the-turing-way"" rel=""noopener noreferrer"" target=""_blank"">alan-turing-institute/the-turing-way</a>",alan-turing-institute/the-turing-way,https://github.com/alan-turing-institute/the-turing-way,2020-04-02T13:43:07Z,2021-10-26T10:46:27Z,True,created
68,1187,"<a href=""https://github.com/jupyterhub/binderhub/pull/1187"" rel=""noopener noreferrer"" target=""_blank"">Update UI so interface options are more discoverable</a>",https://github.com/jupyterhub/binderhub/pull/1187,"<a href=""https://github.com/jupyterhub/binderhub"" rel=""noopener noreferrer"" target=""_blank"">jupyterhub/binderhub</a>",jupyterhub/binderhub,https://github.com/jupyterhub/binderhub,2020-10-30T17:08:46Z,2021-10-10T10:35:49Z,True,created
69,803,"<a href=""https://github.com/jupyterhub/binderhub/issues/803"" rel=""noopener noreferrer"" target=""_blank"">Docs Improvement | Set up BinderHub</a>",https://github.com/jupyterhub/binderhub/issues/803,"<a href=""https://github.com/jupyterhub/binderhub"" rel=""noopener noreferrer"" target=""_blank"">jupyterhub/binderhub</a>",jupyterhub/binderhub,https://github.com/jupyterhub/binderhub,2019-03-08T15:45:50Z,2021-09-21T13:36:13Z,False,created
70,293,"<a href=""https://github.com/alan-turing-institute/hub23-deploy/issues/293"" rel=""noopener noreferrer"" target=""_blank"">Manage secret encryption using sops</a>",https://github.com/alan-turing-institute/hub23-deploy/issues/293,"<a href=""https://github.com/alan-turing-institute/hub23-deploy"" rel=""noopener noreferrer"" target=""_blank"">alan-turing-institute/hub23-deploy</a>",alan-turing-institute/hub23-deploy,https://github.com/alan-turing-institute/hub23-deploy,2020-10-20T21:12:05Z,2021-08-19T14:11:20Z,False,created
71,41,"<a href=""https://github.com/alan-turing-institute/hub23-deploy/issues/41"" rel=""noopener noreferrer"" target=""_blank"">Dependencies to add to Hub23 Helm Chart</a>",https://github.com/alan-turing-institute/hub23-deploy/issues/41,"<a href=""https://github.com/alan-turing-institute/hub23-deploy"" rel=""noopener noreferrer"" target=""_blank"">alan-turing-institute/hub23-deploy</a>",alan-turing-institute/hub23-deploy,https://github.com/alan-turing-institute/hub23-deploy,2019-08-21T15:09:22Z,2021-08-19T13:53:56Z,False,created
72,885,"<a href=""https://github.com/jupyterhub/repo2docker/pull/885"" rel=""noopener noreferrer"" target=""_blank"">[WIP] Pull the image given in CACHE_FROM argument</a>",https://github.com/jupyterhub/repo2docker/pull/885,"<a href=""https://github.com/jupyterhub/repo2docker"" rel=""noopener noreferrer"" target=""_blank"">jupyterhub/repo2docker</a>",jupyterhub/repo2docker,https://github.com/jupyterhub/repo2docker,2020-04-28T09:17:12Z,2021-08-06T12:54:55Z,True,created
73,17,"<a href=""https://github.com/Living-with-machines/deduplify/pull/17"" rel=""noopener noreferrer"" target=""_blank"">Enable restart of hash process and add informative progress bar</a>",https://github.com/Living-with-machines/deduplify/pull/17,"<a href=""https://github.com/Living-with-machines/deduplify"" rel=""noopener noreferrer"" target=""_blank"">Living-with-machines/deduplify</a>",Living-with-machines/deduplify,https://github.com/Living-with-machines/deduplify,2021-03-22T19:57:21Z,2021-05-26T13:35:39Z,True,created
74,1833,"<a href=""https://github.com/alan-turing-institute/the-turing-way/issues/1833"" rel=""noopener noreferrer"" target=""_blank"">Moving Zero-to-Binder into the book</a>",https://github.com/alan-turing-institute/the-turing-way/issues/1833,"<a href=""https://github.com/alan-turing-institute/the-turing-way"" rel=""noopener noreferrer"" target=""_blank"">alan-turing-institute/the-turing-way</a>",alan-turing-institute/the-turing-way,https://github.com/alan-turing-institute/the-turing-way,2021-03-26T17:55:36Z,2021-05-24T12:24:35Z,False,created
75,701,"<a href=""https://github.com/jupyterhub/repo2docker/issues/701"" rel=""noopener noreferrer"" target=""_blank"">Make the names of r2d generated images more readable</a>",https://github.com/jupyterhub/repo2docker/issues/701,"<a href=""https://github.com/jupyterhub/repo2docker"" rel=""noopener noreferrer"" target=""_blank"">jupyterhub/repo2docker</a>",jupyterhub/repo2docker,https://github.com/jupyterhub/repo2docker,2019-06-05T15:13:25Z,2021-05-18T10:03:14Z,False,created
76,6,"<a href=""https://github.com/sgibson91/open-practices-toolkit/issues/6"" rel=""noopener noreferrer"" target=""_blank"">Long-term storage/sharing of transcriptions</a>",https://github.com/sgibson91/open-practices-toolkit/issues/6,"<a href=""https://github.com/sgibson91/open-practices-toolkit"" rel=""noopener noreferrer"" target=""_blank"">sgibson91/open-practices-toolkit</a>",sgibson91/open-practices-toolkit,https://github.com/sgibson91/open-practices-toolkit,2021-05-10T14:28:54Z,2021-05-10T15:02:57Z,False,created
77,8,"<a href=""https://github.com/sgibson91/open-practices-toolkit/issues/8"" rel=""noopener noreferrer"" target=""_blank"">Collating transcriptions</a>",https://github.com/sgibson91/open-practices-toolkit/issues/8,"<a href=""https://github.com/sgibson91/open-practices-toolkit"" rel=""noopener noreferrer"" target=""_blank"">sgibson91/open-practices-toolkit</a>",sgibson91/open-practices-toolkit,https://github.com/sgibson91/open-practices-toolkit,2021-05-10T14:28:56Z,2021-05-10T15:02:30Z,False,created
78,10,"<a href=""https://github.com/sgibson91/open-practices-toolkit/issues/10"" rel=""noopener noreferrer"" target=""_blank"">Automated transcription</a>",https://github.com/sgibson91/open-practices-toolkit/issues/10,"<a href=""https://github.com/sgibson91/open-practices-toolkit"" rel=""noopener noreferrer"" target=""_blank"">sgibson91/open-practices-toolkit</a>",sgibson91/open-practices-toolkit,https://github.com/sgibson91/open-practices-toolkit,2021-05-10T14:29:00Z,2021-05-10T15:01:58Z,False,created
79,11,"<a href=""https://github.com/sgibson91/open-practices-toolkit/issues/11"" rel=""noopener noreferrer"" target=""_blank"">Recording (Zoom) interviews</a>",https://github.com/sgibson91/open-practices-toolkit/issues/11,"<a href=""https://github.com/sgibson91/open-practices-toolkit"" rel=""noopener noreferrer"" target=""_blank"">sgibson91/open-practices-toolkit</a>",sgibson91/open-practices-toolkit,https://github.com/sgibson91/open-practices-toolkit,2021-05-10T14:29:01Z,2021-05-10T15:01:32Z,False,created
80,5,"<a href=""https://github.com/sgibson91/open-practices-toolkit/issues/5"" rel=""noopener noreferrer"" target=""_blank"">Report generation: audience?</a>",https://github.com/sgibson91/open-practices-toolkit/issues/5,"<a href=""https://github.com/sgibson91/open-practices-toolkit"" rel=""noopener noreferrer"" target=""_blank"">sgibson91/open-practices-toolkit</a>",sgibson91/open-practices-toolkit,https://github.com/sgibson91/open-practices-toolkit,2021-05-10T14:28:51Z,2021-05-10T14:58:17Z,False,created
81,13,"<a href=""https://github.com/sgibson91/open-practices-toolkit/issues/13"" rel=""noopener noreferrer"" target=""_blank"">""Advertising""</a>",https://github.com/sgibson91/open-practices-toolkit/issues/13,"<a href=""https://github.com/sgibson91/open-practices-toolkit"" rel=""noopener noreferrer"" target=""_blank"">sgibson91/open-practices-toolkit</a>",sgibson91/open-practices-toolkit,https://github.com/sgibson91/open-practices-toolkit,2021-05-10T14:29:04Z,2021-05-10T14:29:04Z,False,created
82,12,"<a href=""https://github.com/sgibson91/open-practices-toolkit/issues/12"" rel=""noopener noreferrer"" target=""_blank"">Generalised survey</a>",https://github.com/sgibson91/open-practices-toolkit/issues/12,"<a href=""https://github.com/sgibson91/open-practices-toolkit"" rel=""noopener noreferrer"" target=""_blank"">sgibson91/open-practices-toolkit</a>",sgibson91/open-practices-toolkit,https://github.com/sgibson91/open-practices-toolkit,2021-05-10T14:29:03Z,2021-05-10T14:29:03Z,False,created
83,9,"<a href=""https://github.com/sgibson91/open-practices-toolkit/issues/9"" rel=""noopener noreferrer"" target=""_blank"">Storage of ephemeral results</a>",https://github.com/sgibson91/open-practices-toolkit/issues/9,"<a href=""https://github.com/sgibson91/open-practices-toolkit"" rel=""noopener noreferrer"" target=""_blank"">sgibson91/open-practices-toolkit</a>",sgibson91/open-practices-toolkit,https://github.com/sgibson91/open-practices-toolkit,2021-05-10T14:28:58Z,2021-05-10T14:28:58Z,False,created
84,7,"<a href=""https://github.com/sgibson91/open-practices-toolkit/issues/7"" rel=""noopener noreferrer"" target=""_blank"">Analysis of transcriptions</a>",https://github.com/sgibson91/open-practices-toolkit/issues/7,"<a href=""https://github.com/sgibson91/open-practices-toolkit"" rel=""noopener noreferrer"" target=""_blank"">sgibson91/open-practices-toolkit</a>",sgibson91/open-practices-toolkit,https://github.com/sgibson91/open-practices-toolkit,2021-05-10T14:28:55Z,2021-05-10T14:28:56Z,False,created
85,4,"<a href=""https://github.com/sgibson91/open-practices-toolkit/issues/4"" rel=""noopener noreferrer"" target=""_blank"">Scheduling Interviews</a>",https://github.com/sgibson91/open-practices-toolkit/issues/4,"<a href=""https://github.com/sgibson91/open-practices-toolkit"" rel=""noopener noreferrer"" target=""_blank"">sgibson91/open-practices-toolkit</a>",sgibson91/open-practices-toolkit,https://github.com/sgibson91/open-practices-toolkit,2021-05-10T14:28:50Z,2021-05-10T14:28:50Z,False,created
86,3,"<a href=""https://github.com/sgibson91/open-practices-toolkit/issues/3"" rel=""noopener noreferrer"" target=""_blank"">Compare/Contrast Community Values and Interactions</a>",https://github.com/sgibson91/open-practices-toolkit/issues/3,"<a href=""https://github.com/sgibson91/open-practices-toolkit"" rel=""noopener noreferrer"" target=""_blank"">sgibson91/open-practices-toolkit</a>",sgibson91/open-practices-toolkit,https://github.com/sgibson91/open-practices-toolkit,2021-05-10T14:28:47Z,2021-05-10T14:28:47Z,False,created
87,2,"<a href=""https://github.com/sgibson91/open-practices-toolkit/issues/2"" rel=""noopener noreferrer"" target=""_blank"">Write a Data Management Plan</a>",https://github.com/sgibson91/open-practices-toolkit/issues/2,"<a href=""https://github.com/sgibson91/open-practices-toolkit"" rel=""noopener noreferrer"" target=""_blank"">sgibson91/open-practices-toolkit</a>",sgibson91/open-practices-toolkit,https://github.com/sgibson91/open-practices-toolkit,2021-05-10T14:28:45Z,2021-05-10T14:28:45Z,False,created
88,7,"<a href=""https://github.com/sgibson91/toggl-track-toy/issues/7"" rel=""noopener noreferrer"" target=""_blank"">[BUG] black-nb does not run correctly in CI</a>",https://github.com/sgibson91/toggl-track-toy/issues/7,"<a href=""https://github.com/sgibson91/toggl-track-toy"" rel=""noopener noreferrer"" target=""_blank"">sgibson91/toggl-track-toy</a>",sgibson91/toggl-track-toy,https://github.com/sgibson91/toggl-track-toy,2021-04-27T09:31:04Z,2021-04-27T09:32:09Z,False,created
89,19,"<a href=""https://github.com/Living-with-machines/deduplify/issues/19"" rel=""noopener noreferrer"" target=""_blank"">Refactor to write a database instead of json files?</a>",https://github.com/Living-with-machines/deduplify/issues/19,"<a href=""https://github.com/Living-with-machines/deduplify"" rel=""noopener noreferrer"" target=""_blank"">Living-with-machines/deduplify</a>",Living-with-machines/deduplify,https://github.com/Living-with-machines/deduplify,2021-04-23T09:41:11Z,2021-04-23T09:43:07Z,False,created
90,18,"<a href=""https://github.com/alan-turing-institute/binderhub-deploy-gke/issues/18"" rel=""noopener noreferrer"" target=""_blank"">Error message on Cloud Run deployment</a>",https://github.com/alan-turing-institute/binderhub-deploy-gke/issues/18,"<a href=""https://github.com/alan-turing-institute/binderhub-deploy-gke"" rel=""noopener noreferrer"" target=""_blank"">alan-turing-institute/binderhub-deploy-gke</a>",alan-turing-institute/binderhub-deploy-gke,https://github.com/alan-turing-institute/binderhub-deploy-gke,2019-09-07T15:21:55Z,2021-04-23T08:04:27Z,False,created
91,21,"<a href=""https://github.com/alan-turing-institute/binderhub-deploy-gke/issues/21"" rel=""noopener noreferrer"" target=""_blank"">Some useful links on Run in Cloud Shell</a>",https://github.com/alan-turing-institute/binderhub-deploy-gke/issues/21,"<a href=""https://github.com/alan-turing-institute/binderhub-deploy-gke"" rel=""noopener noreferrer"" target=""_blank"">alan-turing-institute/binderhub-deploy-gke</a>",alan-turing-institute/binderhub-deploy-gke,https://github.com/alan-turing-institute/binderhub-deploy-gke,2019-09-26T08:17:30Z,2021-04-22T19:19:35Z,False,created
92,1851,"<a href=""https://github.com/alan-turing-institute/the-turing-way/issues/1851"" rel=""noopener noreferrer"" target=""_blank"">On-the-fly, personal curation of the book's content</a>",https://github.com/alan-turing-institute/the-turing-way/issues/1851,"<a href=""https://github.com/alan-turing-institute/the-turing-way"" rel=""noopener noreferrer"" target=""_blank"">alan-turing-institute/the-turing-way</a>",alan-turing-institute/the-turing-way,https://github.com/alan-turing-institute/the-turing-way,2021-04-20T10:42:30Z,2021-04-20T10:42:30Z,False,created
93,14,"<a href=""https://github.com/research-dugnads/dugnads-hq/issues/14"" rel=""noopener noreferrer"" target=""_blank"">Are we happy with the current URL?</a>",https://github.com/research-dugnads/dugnads-hq/issues/14,"<a href=""https://github.com/research-dugnads/dugnads-hq"" rel=""noopener noreferrer"" target=""_blank"">research-dugnads/dugnads-hq</a>",research-dugnads/dugnads-hq,https://github.com/research-dugnads/dugnads-hq,2021-04-01T10:09:21Z,2021-04-01T13:29:38Z,False,created
94,24,"<a href=""https://github.com/research-dugnads/dugnads-hq/issues/24"" rel=""noopener noreferrer"" target=""_blank"">Create personae around the task list to make it more relatable</a>",https://github.com/research-dugnads/dugnads-hq/issues/24,"<a href=""https://github.com/research-dugnads/dugnads-hq"" rel=""noopener noreferrer"" target=""_blank"">research-dugnads/dugnads-hq</a>",research-dugnads/dugnads-hq,https://github.com/research-dugnads/dugnads-hq,2021-04-01T13:25:21Z,2021-04-01T13:27:24Z,False,created
95,23,"<a href=""https://github.com/research-dugnads/dugnads-hq/issues/23"" rel=""noopener noreferrer"" target=""_blank"">What goes into a template event repo?</a>",https://github.com/research-dugnads/dugnads-hq/issues/23,"<a href=""https://github.com/research-dugnads/dugnads-hq"" rel=""noopener noreferrer"" target=""_blank"">research-dugnads/dugnads-hq</a>",research-dugnads/dugnads-hq,https://github.com/research-dugnads/dugnads-hq,2021-04-01T12:38:59Z,2021-04-01T13:19:44Z,False,created
96,17,"<a href=""https://github.com/research-dugnads/dugnads-hq/issues/17"" rel=""noopener noreferrer"" target=""_blank"">Ran a Dugnad? Let us know!</a>",https://github.com/research-dugnads/dugnads-hq/issues/17,"<a href=""https://github.com/research-dugnads/dugnads-hq"" rel=""noopener noreferrer"" target=""_blank"">research-dugnads/dugnads-hq</a>",research-dugnads/dugnads-hq,https://github.com/research-dugnads/dugnads-hq,2021-04-01T11:02:06Z,2021-04-01T11:54:09Z,False,created
97,387,"<a href=""https://github.com/jupyterhub/team-compass/issues/387"" rel=""noopener noreferrer"" target=""_blank"">Our list of previous meetings is broken</a>",https://github.com/jupyterhub/team-compass/issues/387,"<a href=""https://github.com/jupyterhub/team-compass"" rel=""noopener noreferrer"" target=""_blank"">jupyterhub/team-compass</a>",jupyterhub/team-compass,https://github.com/jupyterhub/team-compass,2021-03-19T10:49:56Z,2021-03-22T07:44:17Z,False,created
98,903,"<a href=""https://github.com/jupyterhub/repo2docker/issues/903"" rel=""noopener noreferrer"" target=""_blank"">The Julia version I request isn't the Julia version I get?</a>",https://github.com/jupyterhub/repo2docker/issues/903,"<a href=""https://github.com/jupyterhub/repo2docker"" rel=""noopener noreferrer"" target=""_blank"">jupyterhub/repo2docker</a>",jupyterhub/repo2docker,https://github.com/jupyterhub/repo2docker,2020-06-02T15:32:17Z,2021-03-12T09:30:53Z,False,created
99,1542,"<a href=""https://github.com/alan-turing-institute/the-turing-way/issues/1542"" rel=""noopener noreferrer"" target=""_blank"">Sphinx Redirects: A potentially useful tool!</a>",https://github.com/alan-turing-institute/the-turing-way/issues/1542,"<a href=""https://github.com/alan-turing-institute/the-turing-way"" rel=""noopener noreferrer"" target=""_blank"">alan-turing-institute/the-turing-way</a>",alan-turing-institute/the-turing-way,https://github.com/alan-turing-institute/the-turing-way,2020-11-10T10:24:51Z,2021-02-26T09:12:57Z,False,created
100,126,"<a href=""https://github.com/alan-turing-institute/binderhub-deploy/pull/126"" rel=""noopener noreferrer"" target=""_blank"">[WIP] Deploy ACR with Terraform</a>",https://github.com/alan-turing-institute/binderhub-deploy/pull/126,"<a href=""https://github.com/alan-turing-institute/binderhub-deploy"" rel=""noopener noreferrer"" target=""_blank"">alan-turing-institute/binderhub-deploy</a>",alan-turing-institute/binderhub-deploy,https://github.com/alan-turing-institute/binderhub-deploy,2021-01-20T12:56:40Z,2021-01-29T14:00:47Z,True,created
101,127,"<a href=""https://github.com/alan-turing-institute/binderhub-deploy/pull/127"" rel=""noopener noreferrer"" target=""_blank"">[WIP] Updating some helm stuff</a>",https://github.com/alan-turing-institute/binderhub-deploy/pull/127,"<a href=""https://github.com/alan-turing-institute/binderhub-deploy"" rel=""noopener noreferrer"" target=""_blank"">alan-turing-institute/binderhub-deploy</a>",alan-turing-institute/binderhub-deploy,https://github.com/alan-turing-institute/binderhub-deploy,2021-01-20T14:05:24Z,2021-01-20T14:05:24Z,True,created
102,125,"<a href=""https://github.com/alan-turing-institute/binderhub-deploy/pull/125"" rel=""noopener noreferrer"" target=""_blank"">[WIP] Convert to using terraform</a>",https://github.com/alan-turing-institute/binderhub-deploy/pull/125,"<a href=""https://github.com/alan-turing-institute/binderhub-deploy"" rel=""noopener noreferrer"" target=""_blank"">alan-turing-institute/binderhub-deploy</a>",alan-turing-institute/binderhub-deploy,https://github.com/alan-turing-institute/binderhub-deploy,2021-01-19T11:53:39Z,2021-01-19T15:17:52Z,True,created
103,1221,"<a href=""https://github.com/jupyterhub/binderhub/issues/1221"" rel=""noopener noreferrer"" target=""_blank"">Health endpoint of binderhub should still provide valid JSON when endpoint is unhealthy</a>",https://github.com/jupyterhub/binderhub/issues/1221,"<a href=""https://github.com/jupyterhub/binderhub"" rel=""noopener noreferrer"" target=""_blank"">jupyterhub/binderhub</a>",jupyterhub/binderhub,https://github.com/jupyterhub/binderhub,2020-12-03T15:22:34Z,2020-12-03T21:55:28Z,False,created
104,355,"<a href=""https://github.com/jupyterhub/team-compass/issues/355"" rel=""noopener noreferrer"" target=""_blank"">Security scanning of Turing Binder URLs</a>",https://github.com/jupyterhub/team-compass/issues/355,"<a href=""https://github.com/jupyterhub/team-compass"" rel=""noopener noreferrer"" target=""_blank"">jupyterhub/team-compass</a>",jupyterhub/team-compass,https://github.com/jupyterhub/team-compass,2020-11-23T14:20:06Z,2020-11-24T15:58:19Z,False,created
105,98,"<a href=""https://github.com/alan-turing-institute/binderhub-deploy/pull/98"" rel=""noopener noreferrer"" target=""_blank"">[DO NOT MERGE] Convert to Python</a>",https://github.com/alan-turing-institute/binderhub-deploy/pull/98,"<a href=""https://github.com/alan-turing-institute/binderhub-deploy"" rel=""noopener noreferrer"" target=""_blank"">alan-turing-institute/binderhub-deploy</a>",alan-turing-institute/binderhub-deploy,https://github.com/alan-turing-institute/binderhub-deploy,2020-06-22T16:07:35Z,2020-11-23T13:49:25Z,True,created
106,1005,"<a href=""https://github.com/alan-turing-institute/the-turing-way/issues/1005"" rel=""noopener noreferrer"" target=""_blank"">Chapter on Facilitating Collaborations at Remote Events</a>",https://github.com/alan-turing-institute/the-turing-way/issues/1005,"<a href=""https://github.com/alan-turing-institute/the-turing-way"" rel=""noopener noreferrer"" target=""_blank"">alan-turing-institute/the-turing-way</a>",alan-turing-institute/the-turing-way,https://github.com/alan-turing-institute/the-turing-way,2020-04-02T08:53:37Z,2020-11-13T12:54:34Z,False,created
107,109,"<a href=""https://github.com/alan-turing-institute/binderhub-deploy/issues/109"" rel=""noopener noreferrer"" target=""_blank"">Use terraform to deploy infrastructure? </a>",https://github.com/alan-turing-institute/binderhub-deploy/issues/109,"<a href=""https://github.com/alan-turing-institute/binderhub-deploy"" rel=""noopener noreferrer"" target=""_blank"">alan-turing-institute/binderhub-deploy</a>",alan-turing-institute/binderhub-deploy,https://github.com/alan-turing-institute/binderhub-deploy,2020-11-02T17:29:56Z,2020-11-02T17:29:56Z,False,created
108,1165,"<a href=""https://github.com/jupyterhub/zero-to-jupyterhub-k8s/issues/1165"" rel=""noopener noreferrer"" target=""_blank"">Docs improvement | Step Zero: k8s on Azure docs</a>",https://github.com/jupyterhub/zero-to-jupyterhub-k8s/issues/1165,"<a href=""https://github.com/jupyterhub/zero-to-jupyterhub-k8s"" rel=""noopener noreferrer"" target=""_blank"">jupyterhub/zero-to-jupyterhub-k8s</a>",jupyterhub/zero-to-jupyterhub-k8s,https://github.com/jupyterhub/zero-to-jupyterhub-k8s,2019-02-27T12:12:29Z,2020-10-06T07:42:07Z,False,created
109,215,"<a href=""https://github.com/jupyterhub/team-compass/issues/215"" rel=""noopener noreferrer"" target=""_blank"">Hacktoberfest labels in repos to encourage contribution?</a>",https://github.com/jupyterhub/team-compass/issues/215,"<a href=""https://github.com/jupyterhub/team-compass"" rel=""noopener noreferrer"" target=""_blank"">jupyterhub/team-compass</a>",jupyterhub/team-compass,https://github.com/jupyterhub/team-compass,2019-10-08T12:38:59Z,2020-10-05T08:37:47Z,False,created
110,14,"<a href=""https://github.com/martinagvilas/tutorial-jupyterbook-with-turing-way/issues/14"" rel=""noopener noreferrer"" target=""_blank"">Issues viewing Jupyter Book when built on mybinder.org</a>",https://github.com/martinagvilas/tutorial-jupyterbook-with-turing-way/issues/14,"<a href=""https://github.com/martinagvilas/tutorial-jupyterbook-with-turing-way"" rel=""noopener noreferrer"" target=""_blank"">martinagvilas/tutorial-jupyterbook-with-turing-way</a>",martinagvilas/tutorial-jupyterbook-with-turing-way,https://github.com/martinagvilas/tutorial-jupyterbook-with-turing-way,2020-09-18T17:57:46Z,2020-10-03T16:33:13Z,False,created
111,58,"<a href=""https://github.com/alan-turing-institute/bridge-data-platform/issues/58"" rel=""noopener noreferrer"" target=""_blank"">TODO / ROADMAP</a>",https://github.com/alan-turing-institute/bridge-data-platform/issues/58,"<a href=""https://github.com/alan-turing-institute/bridge-data-platform"" rel=""noopener noreferrer"" target=""_blank"">alan-turing-institute/bridge-data-platform</a>",alan-turing-institute/bridge-data-platform,https://github.com/alan-turing-institute/bridge-data-platform,2020-04-21T12:55:33Z,2020-09-29T11:19:31Z,False,created
112,25,"<a href=""https://github.com/alan-turing-institute/bridge-data-platform/issues/25"" rel=""noopener noreferrer"" target=""_blank"">Migrate Authentication from GitHub to Azure Active Directory</a>",https://github.com/alan-turing-institute/bridge-data-platform/issues/25,"<a href=""https://github.com/alan-turing-institute/bridge-data-platform"" rel=""noopener noreferrer"" target=""_blank"">alan-turing-institute/bridge-data-platform</a>",alan-turing-institute/bridge-data-platform,https://github.com/alan-turing-institute/bridge-data-platform,2020-03-09T17:27:23Z,2020-09-28T10:39:36Z,False,created
113,28,"<a href=""https://github.com/martinagvilas/tutorial-jupyterbook-with-turing-way/issues/28"" rel=""noopener noreferrer"" target=""_blank"">Create a gh-pages branch</a>",https://github.com/martinagvilas/tutorial-jupyterbook-with-turing-way/issues/28,"<a href=""https://github.com/martinagvilas/tutorial-jupyterbook-with-turing-way"" rel=""noopener noreferrer"" target=""_blank"">martinagvilas/tutorial-jupyterbook-with-turing-way</a>",martinagvilas/tutorial-jupyterbook-with-turing-way,https://github.com/martinagvilas/tutorial-jupyterbook-with-turing-way,2020-09-21T09:03:46Z,2020-09-21T09:04:30Z,False,created
114,6,"<a href=""https://github.com/Living-with-machines/deduplify/issues/6"" rel=""noopener noreferrer"" target=""_blank"">Restructure messy data too?</a>",https://github.com/Living-with-machines/deduplify/issues/6,"<a href=""https://github.com/Living-with-machines/deduplify"" rel=""noopener noreferrer"" target=""_blank"">Living-with-machines/deduplify</a>",Living-with-machines/deduplify,https://github.com/Living-with-machines/deduplify,2020-09-09T15:40:12Z,2020-09-10T20:13:03Z,False,created
115,9,"<a href=""https://github.com/Living-with-machines/deduplify/issues/9"" rel=""noopener noreferrer"" target=""_blank"">Incremental for versioning</a>",https://github.com/Living-with-machines/deduplify/issues/9,"<a href=""https://github.com/Living-with-machines/deduplify"" rel=""noopener noreferrer"" target=""_blank"">Living-with-machines/deduplify</a>",Living-with-machines/deduplify,https://github.com/Living-with-machines/deduplify,2020-09-10T19:50:21Z,2020-09-10T19:50:21Z,False,created
116,1,"<a href=""https://github.com/Living-with-machines/AzureAudit/pull/1"" rel=""noopener noreferrer"" target=""_blank"">Adding functions to audit storage and test them</a>",https://github.com/Living-with-machines/AzureAudit/pull/1,"<a href=""https://github.com/Living-with-machines/AzureAudit"" rel=""noopener noreferrer"" target=""_blank"">Living-with-machines/AzureAudit</a>",Living-with-machines/AzureAudit,https://github.com/Living-with-machines/AzureAudit,2020-08-07T14:34:09Z,2020-08-13T13:19:20Z,True,created
117,273,"<a href=""https://github.com/alan-turing-institute/hub23-deploy/issues/273"" rel=""noopener noreferrer"" target=""_blank"">[FEATURE] Access to private data</a>",https://github.com/alan-turing-institute/hub23-deploy/issues/273,"<a href=""https://github.com/alan-turing-institute/hub23-deploy"" rel=""noopener noreferrer"" target=""_blank"">alan-turing-institute/hub23-deploy</a>",alan-turing-institute/hub23-deploy,https://github.com/alan-turing-institute/hub23-deploy,2020-07-30T12:31:14Z,2020-08-13T11:40:54Z,False,created
118,272,"<a href=""https://github.com/alan-turing-institute/hub23-deploy/issues/272"" rel=""noopener noreferrer"" target=""_blank"">[FEATURE] Users can access their own private repos</a>",https://github.com/alan-turing-institute/hub23-deploy/issues/272,"<a href=""https://github.com/alan-turing-institute/hub23-deploy"" rel=""noopener noreferrer"" target=""_blank"">alan-turing-institute/hub23-deploy</a>",alan-turing-institute/hub23-deploy,https://github.com/alan-turing-institute/hub23-deploy,2020-07-30T12:29:08Z,2020-07-30T12:37:49Z,False,created
119,4,"<a href=""https://github.com/sgibson91/ssi-fellowship/issues/4"" rel=""noopener noreferrer"" target=""_blank"">EuroPython 2020</a>",https://github.com/sgibson91/ssi-fellowship/issues/4,"<a href=""https://github.com/sgibson91/ssi-fellowship"" rel=""noopener noreferrer"" target=""_blank"">sgibson91/ssi-fellowship</a>",sgibson91/ssi-fellowship,https://github.com/sgibson91/ssi-fellowship,2020-01-29T13:34:13Z,2020-07-22T15:03:25Z,False,created
120,5,"<a href=""https://github.com/sgibson91/ssi-fellowship/issues/5"" rel=""noopener noreferrer"" target=""_blank"">European R Users Meeting 2020</a>",https://github.com/sgibson91/ssi-fellowship/issues/5,"<a href=""https://github.com/sgibson91/ssi-fellowship"" rel=""noopener noreferrer"" target=""_blank"">sgibson91/ssi-fellowship</a>",sgibson91/ssi-fellowship,https://github.com/sgibson91/ssi-fellowship,2020-01-29T14:02:23Z,2020-07-22T15:03:16Z,False,created
121,7,"<a href=""https://github.com/sgibson91/ssi-fellowship/issues/7"" rel=""noopener noreferrer"" target=""_blank"">JuliaCon 2020</a>",https://github.com/sgibson91/ssi-fellowship/issues/7,"<a href=""https://github.com/sgibson91/ssi-fellowship"" rel=""noopener noreferrer"" target=""_blank"">sgibson91/ssi-fellowship</a>",sgibson91/ssi-fellowship,https://github.com/sgibson91/ssi-fellowship,2020-01-29T14:21:57Z,2020-07-22T15:03:07Z,False,created
122,114,"<a href=""https://github.com/alan-turing-institute/the-turing-way/issues/114"" rel=""noopener noreferrer"" target=""_blank"">Create a ""How to Present the Turing Way"" Guide</a>",https://github.com/alan-turing-institute/the-turing-way/issues/114,"<a href=""https://github.com/alan-turing-institute/the-turing-way"" rel=""noopener noreferrer"" target=""_blank"">alan-turing-institute/the-turing-way</a>",alan-turing-institute/the-turing-way,https://github.com/alan-turing-institute/the-turing-way,2019-01-11T11:04:31Z,2020-06-17T08:47:43Z,False,created
123,11,"<a href=""https://github.com/sgibson91/ssi-fellowship/issues/11"" rel=""noopener noreferrer"" target=""_blank"">Design a flyer describing Binder to distribute at conferences</a>",https://github.com/sgibson91/ssi-fellowship/issues/11,"<a href=""https://github.com/sgibson91/ssi-fellowship"" rel=""noopener noreferrer"" target=""_blank"">sgibson91/ssi-fellowship</a>",sgibson91/ssi-fellowship,https://github.com/sgibson91/ssi-fellowship,2020-02-05T15:41:29Z,2020-06-17T01:04:42Z,False,created
124,256,"<a href=""https://github.com/jupyterhub/team-compass/issues/256"" rel=""noopener noreferrer"" target=""_blank"">2020 mybinder user survey aggregated results and the SSI Fellowship</a>",https://github.com/jupyterhub/team-compass/issues/256,"<a href=""https://github.com/jupyterhub/team-compass"" rel=""noopener noreferrer"" target=""_blank"">jupyterhub/team-compass</a>",jupyterhub/team-compass,https://github.com/jupyterhub/team-compass,2020-02-17T11:07:59Z,2020-06-09T15:14:36Z,False,created
125,217,"<a href=""https://github.com/jupyterhub/team-compass/issues/217"" rel=""noopener noreferrer"" target=""_blank"">Technical checklist for joining the BinderHub Federation</a>",https://github.com/jupyterhub/team-compass/issues/217,"<a href=""https://github.com/jupyterhub/team-compass"" rel=""noopener noreferrer"" target=""_blank"">jupyterhub/team-compass</a>",jupyterhub/team-compass,https://github.com/jupyterhub/team-compass,2019-10-16T10:19:45Z,2020-06-04T21:21:53Z,False,created
126,873,"<a href=""https://github.com/jupyterhub/repo2docker/issues/873"" rel=""noopener noreferrer"" target=""_blank"">--cache-from CLI flag not actually doing anything?</a>",https://github.com/jupyterhub/repo2docker/issues/873,"<a href=""https://github.com/jupyterhub/repo2docker"" rel=""noopener noreferrer"" target=""_blank"">jupyterhub/repo2docker</a>",jupyterhub/repo2docker,https://github.com/jupyterhub/repo2docker,2020-04-15T16:19:20Z,2020-04-28T09:17:48Z,False,created
127,353,"<a href=""https://github.com/WhitakerLab/WhitakerLabProjectManagement/pull/353"" rel=""noopener noreferrer"" target=""_blank"">CogX 2020 Talk Proposal - Binder (Sarah)</a>",https://github.com/WhitakerLab/WhitakerLabProjectManagement/pull/353,"<a href=""https://github.com/WhitakerLab/WhitakerLabProjectManagement"" rel=""noopener noreferrer"" target=""_blank"">WhitakerLab/WhitakerLabProjectManagement</a>",WhitakerLab/WhitakerLabProjectManagement,https://github.com/WhitakerLab/WhitakerLabProjectManagement,2020-04-18T18:59:18Z,2020-04-27T20:37:41Z,True,created
128,17,"<a href=""https://github.com/alan-turing-institute/learn-azure/issues/17"" rel=""noopener noreferrer"" target=""_blank"">Bash aliases for logging in and setting Azure subscriptions</a>",https://github.com/alan-turing-institute/learn-azure/issues/17,"<a href=""https://github.com/alan-turing-institute/learn-azure"" rel=""noopener noreferrer"" target=""_blank"">alan-turing-institute/learn-azure</a>",alan-turing-institute/learn-azure,https://github.com/alan-turing-institute/learn-azure,2020-04-21T15:06:52Z,2020-04-21T15:07:59Z,False,created
129,25,"<a href=""https://github.com/alan-turing-institute/bridge-data-environment/pull/25"" rel=""noopener noreferrer"" target=""_blank"">:white_check_mark: Add R Notebook for testing</a>",https://github.com/alan-turing-institute/bridge-data-environment/pull/25,"<a href=""https://github.com/alan-turing-institute/bridge-data-environment"" rel=""noopener noreferrer"" target=""_blank"">alan-turing-institute/bridge-data-environment</a>",alan-turing-institute/bridge-data-environment,https://github.com/alan-turing-institute/bridge-data-environment,2020-04-14T20:00:51Z,2020-04-15T14:48:19Z,True,created
130,20,"<a href=""https://github.com/alan-turing-institute/bridge-data-environment/issues/20"" rel=""noopener noreferrer"" target=""_blank"">Add test R Notebook</a>",https://github.com/alan-turing-institute/bridge-data-environment/issues/20,"<a href=""https://github.com/alan-turing-institute/bridge-data-environment"" rel=""noopener noreferrer"" target=""_blank"">alan-turing-institute/bridge-data-environment</a>",alan-turing-institute/bridge-data-environment,https://github.com/alan-turing-institute/bridge-data-environment,2020-04-14T10:33:07Z,2020-04-14T10:33:07Z,False,created
131,12,"<a href=""https://github.com/alan-turing-institute/bridge-data-platform/issues/12"" rel=""noopener noreferrer"" target=""_blank"">How do we get the Bridge data into the Hub?</a>",https://github.com/alan-turing-institute/bridge-data-platform/issues/12,"<a href=""https://github.com/alan-turing-institute/bridge-data-platform"" rel=""noopener noreferrer"" target=""_blank"">alan-turing-institute/bridge-data-platform</a>",alan-turing-institute/bridge-data-platform,https://github.com/alan-turing-institute/bridge-data-platform,2020-03-04T14:23:04Z,2020-04-09T14:56:17Z,False,created
132,86,"<a href=""https://github.com/alan-turing-institute/binderhub-deploy/issues/86"" rel=""noopener noreferrer"" target=""_blank"">deploy.sh too big?</a>",https://github.com/alan-turing-institute/binderhub-deploy/issues/86,"<a href=""https://github.com/alan-turing-institute/binderhub-deploy"" rel=""noopener noreferrer"" target=""_blank"">alan-turing-institute/binderhub-deploy</a>",alan-turing-institute/binderhub-deploy,https://github.com/alan-turing-institute/binderhub-deploy,2020-02-17T16:05:02Z,2020-04-07T16:55:26Z,False,created
133,20,"<a href=""https://github.com/sgibson91/cross-stitch-carpentry/issues/20"" rel=""noopener noreferrer"" target=""_blank"">Tidy up some of the extra stuff</a>",https://github.com/sgibson91/cross-stitch-carpentry/issues/20,"<a href=""https://github.com/sgibson91/cross-stitch-carpentry"" rel=""noopener noreferrer"" target=""_blank"">sgibson91/cross-stitch-carpentry</a>",sgibson91/cross-stitch-carpentry,https://github.com/sgibson91/cross-stitch-carpentry,2020-03-13T15:09:54Z,2020-03-27T15:31:07Z,False,created
134,33,"<a href=""https://github.com/sgibson91/cross-stitch-carpentry/issues/33"" rel=""noopener noreferrer"" target=""_blank"">Chapter on ""ih""</a>",https://github.com/sgibson91/cross-stitch-carpentry/issues/33,"<a href=""https://github.com/sgibson91/cross-stitch-carpentry"" rel=""noopener noreferrer"" target=""_blank"">sgibson91/cross-stitch-carpentry</a>",sgibson91/cross-stitch-carpentry,https://github.com/sgibson91/cross-stitch-carpentry,2020-03-13T16:11:18Z,2020-03-27T13:50:02Z,False,created
135,10,"<a href=""https://github.com/alan-turing-institute/bridge-data-platform/issues/10"" rel=""noopener noreferrer"" target=""_blank"">Creating a shared data folder for all users</a>",https://github.com/alan-turing-institute/bridge-data-platform/issues/10,"<a href=""https://github.com/alan-turing-institute/bridge-data-platform"" rel=""noopener noreferrer"" target=""_blank"">alan-turing-institute/bridge-data-platform</a>",alan-turing-institute/bridge-data-platform,https://github.com/alan-turing-institute/bridge-data-platform,2020-03-04T14:08:08Z,2020-03-27T09:40:43Z,False,created
136,13,"<a href=""https://github.com/sgibson91/ssi-fellowship/issues/13"" rel=""noopener noreferrer"" target=""_blank"">Extension of Fellowship period</a>",https://github.com/sgibson91/ssi-fellowship/issues/13,"<a href=""https://github.com/sgibson91/ssi-fellowship"" rel=""noopener noreferrer"" target=""_blank"">sgibson91/ssi-fellowship</a>",sgibson91/ssi-fellowship,https://github.com/sgibson91/ssi-fellowship,2020-03-13T18:33:59Z,2020-03-17T12:14:34Z,False,created
137,9,"<a href=""https://github.com/alan-turing-institute/bridge-data-platform/issues/9"" rel=""noopener noreferrer"" target=""_blank"">Network Security Rules</a>",https://github.com/alan-turing-institute/bridge-data-platform/issues/9,"<a href=""https://github.com/alan-turing-institute/bridge-data-platform"" rel=""noopener noreferrer"" target=""_blank"">alan-turing-institute/bridge-data-platform</a>",alan-turing-institute/bridge-data-platform,https://github.com/alan-turing-institute/bridge-data-platform,2020-03-04T14:04:13Z,2020-03-16T13:55:43Z,False,created
138,32,"<a href=""https://github.com/sgibson91/cross-stitch-carpentry/issues/32"" rel=""noopener noreferrer"" target=""_blank"">How to launch?</a>",https://github.com/sgibson91/cross-stitch-carpentry/issues/32,"<a href=""https://github.com/sgibson91/cross-stitch-carpentry"" rel=""noopener noreferrer"" target=""_blank"">sgibson91/cross-stitch-carpentry</a>",sgibson91/cross-stitch-carpentry,https://github.com/sgibson91/cross-stitch-carpentry,2020-03-13T16:08:01Z,2020-03-13T16:08:01Z,False,created
139,860,"<a href=""https://github.com/jupyterhub/repo2docker/issues/860"" rel=""noopener noreferrer"" target=""_blank"">[DOCS] Specifying R version in runtime.txt does not seem to be mentioned</a>",https://github.com/jupyterhub/repo2docker/issues/860,"<a href=""https://github.com/jupyterhub/repo2docker"" rel=""noopener noreferrer"" target=""_blank"">jupyterhub/repo2docker</a>",jupyterhub/repo2docker,https://github.com/jupyterhub/repo2docker,2020-03-04T15:49:59Z,2020-03-05T07:54:14Z,False,created
140,15,"<a href=""https://github.com/alan-turing-institute/learn-azure/pull/15"" rel=""noopener noreferrer"" target=""_blank"">[WIP] Add Python script to automate creation and deletion of a Virtual Machine in Azure</a>",https://github.com/alan-turing-institute/learn-azure/pull/15,"<a href=""https://github.com/alan-turing-institute/learn-azure"" rel=""noopener noreferrer"" target=""_blank"">alan-turing-institute/learn-azure</a>",alan-turing-institute/learn-azure,https://github.com/alan-turing-institute/learn-azure,2020-02-23T15:20:39Z,2020-03-03T16:36:47Z,True,created
141,894,"<a href=""https://github.com/alan-turing-institute/the-turing-way/issues/894"" rel=""noopener noreferrer"" target=""_blank"">Document how and why we use certain CI conventions in the book</a>",https://github.com/alan-turing-institute/the-turing-way/issues/894,"<a href=""https://github.com/alan-turing-institute/the-turing-way"" rel=""noopener noreferrer"" target=""_blank"">alan-turing-institute/the-turing-way</a>",alan-turing-institute/the-turing-way,https://github.com/alan-turing-institute/the-turing-way,2020-02-21T13:28:05Z,2020-02-21T14:16:12Z,False,created
142,239,"<a href=""https://github.com/jupyterhub/team-compass/issues/239"" rel=""noopener noreferrer"" target=""_blank"">Write a blog post for Turing mybinder cluster</a>",https://github.com/jupyterhub/team-compass/issues/239,"<a href=""https://github.com/jupyterhub/team-compass"" rel=""noopener noreferrer"" target=""_blank"">jupyterhub/team-compass</a>",jupyterhub/team-compass,https://github.com/jupyterhub/team-compass,2019-12-10T10:31:30Z,2020-02-18T11:58:27Z,False,created
143,99,"<a href=""https://github.com/WhitakerLab/whitakerlab.github.io/pull/99"" rel=""noopener noreferrer"" target=""_blank"">Update Sarah's ""About Me"" section</a>",https://github.com/WhitakerLab/whitakerlab.github.io/pull/99,"<a href=""https://github.com/WhitakerLab/whitakerlab.github.io"" rel=""noopener noreferrer"" target=""_blank"">WhitakerLab/whitakerlab.github.io</a>",WhitakerLab/whitakerlab.github.io,https://github.com/WhitakerLab/whitakerlab.github.io,2020-02-06T20:44:53Z,2020-02-06T20:44:53Z,True,created
144,8,"<a href=""https://github.com/sgibson91/ssi-fellowship/issues/8"" rel=""noopener noreferrer"" target=""_blank"">Binder Do-athon with The Turing Way</a>",https://github.com/sgibson91/ssi-fellowship/issues/8,"<a href=""https://github.com/sgibson91/ssi-fellowship"" rel=""noopener noreferrer"" target=""_blank"">sgibson91/ssi-fellowship</a>",sgibson91/ssi-fellowship,https://github.com/sgibson91/ssi-fellowship,2020-01-29T14:39:54Z,2020-02-05T15:50:31Z,False,created
145,9,"<a href=""https://github.com/sgibson91/ssi-fellowship/issues/9"" rel=""noopener noreferrer"" target=""_blank"">Mentorship/Management Meetings</a>",https://github.com/sgibson91/ssi-fellowship/issues/9,"<a href=""https://github.com/sgibson91/ssi-fellowship"" rel=""noopener noreferrer"" target=""_blank"">sgibson91/ssi-fellowship</a>",sgibson91/ssi-fellowship,https://github.com/sgibson91/ssi-fellowship,2020-01-29T14:50:49Z,2020-02-05T14:59:45Z,False,created
146,694,"<a href=""https://github.com/alan-turing-institute/the-turing-way/issues/694"" rel=""noopener noreferrer"" target=""_blank"">Reflections on Build A BinderHub workshop</a>",https://github.com/alan-turing-institute/the-turing-way/issues/694,"<a href=""https://github.com/alan-turing-institute/the-turing-way"" rel=""noopener noreferrer"" target=""_blank"">alan-turing-institute/the-turing-way</a>",alan-turing-institute/the-turing-way,https://github.com/alan-turing-institute/the-turing-way,2019-09-23T12:32:24Z,2019-11-25T16:25:08Z,False,created
147,1210,"<a href=""https://github.com/jupyterhub/mybinder.org-deploy/issues/1210"" rel=""noopener noreferrer"" target=""_blank"">Refactoring deploy.py and ban.py for different/new federation clusters</a>",https://github.com/jupyterhub/mybinder.org-deploy/issues/1210,"<a href=""https://github.com/jupyterhub/mybinder.org-deploy"" rel=""noopener noreferrer"" target=""_blank"">jupyterhub/mybinder.org-deploy</a>",jupyterhub/mybinder.org-deploy,https://github.com/jupyterhub/mybinder.org-deploy,2019-10-22T14:24:45Z,2019-10-22T14:25:15Z,False,created
148,937,"<a href=""https://github.com/jupyterhub/binderhub/issues/937"" rel=""noopener noreferrer"" target=""_blank"">Update progress bar language</a>",https://github.com/jupyterhub/binderhub/issues/937,"<a href=""https://github.com/jupyterhub/binderhub"" rel=""noopener noreferrer"" target=""_blank"">jupyterhub/binderhub</a>",jupyterhub/binderhub,https://github.com/jupyterhub/binderhub,2019-08-27T09:56:24Z,2019-10-08T19:16:00Z,False,created
149,19,"<a href=""https://github.com/alan-turing-institute/hub23-deploy/issues/19"" rel=""noopener noreferrer"" target=""_blank"">Will URL access to private repos be public?</a>",https://github.com/alan-turing-institute/hub23-deploy/issues/19,"<a href=""https://github.com/alan-turing-institute/hub23-deploy"" rel=""noopener noreferrer"" target=""_blank"">alan-turing-institute/hub23-deploy</a>",alan-turing-institute/hub23-deploy,https://github.com/alan-turing-institute/hub23-deploy,2019-03-22T12:05:49Z,2019-09-05T20:24:07Z,False,created
150,682,"<a href=""https://github.com/alan-turing-institute/the-turing-way/issues/682"" rel=""noopener noreferrer"" target=""_blank"">Document how to reserve DOIs for open access presentations on Zenodo</a>",https://github.com/alan-turing-institute/the-turing-way/issues/682,"<a href=""https://github.com/alan-turing-institute/the-turing-way"" rel=""noopener noreferrer"" target=""_blank"">alan-turing-institute/the-turing-way</a>",alan-turing-institute/the-turing-way,https://github.com/alan-turing-institute/the-turing-way,2019-09-04T18:10:08Z,2019-09-04T18:10:08Z,False,created
151,661,"<a href=""https://github.com/alan-turing-institute/the-turing-way/issues/661"" rel=""noopener noreferrer"" target=""_blank"">Contribution Pathway: ""I want to share my cool resource with The Turing Way""</a>",https://github.com/alan-turing-institute/the-turing-way/issues/661,"<a href=""https://github.com/alan-turing-institute/the-turing-way"" rel=""noopener noreferrer"" target=""_blank"">alan-turing-institute/the-turing-way</a>",alan-turing-institute/the-turing-way,https://github.com/alan-turing-institute/the-turing-way,2019-08-12T12:59:17Z,2019-08-12T12:59:57Z,False,created
152,291,"<a href=""https://github.com/alan-turing-institute/the-turing-way/issues/291"" rel=""noopener noreferrer"" target=""_blank"">Accessing private repos for Turing members</a>",https://github.com/alan-turing-institute/the-turing-way/issues/291,"<a href=""https://github.com/alan-turing-institute/the-turing-way"" rel=""noopener noreferrer"" target=""_blank"">alan-turing-institute/the-turing-way</a>",alan-turing-institute/the-turing-way,https://github.com/alan-turing-institute/the-turing-way,2019-03-06T10:16:59Z,2019-07-12T09:39:59Z,False,created
153,593,"<a href=""https://github.com/alan-turing-institute/the-turing-way/issues/593"" rel=""noopener noreferrer"" target=""_blank"">Policy document on cloud permissions for BinderHub</a>",https://github.com/alan-turing-institute/the-turing-way/issues/593,"<a href=""https://github.com/alan-turing-institute/the-turing-way"" rel=""noopener noreferrer"" target=""_blank"">alan-turing-institute/the-turing-way</a>",alan-turing-institute/the-turing-way,https://github.com/alan-turing-institute/the-turing-way,2019-05-28T13:49:34Z,2019-07-03T13:51:31Z,False,created
154,110,"<a href=""https://github.com/WhitakerLab/scona/issues/110"" rel=""noopener noreferrer"" target=""_blank"">Update Development guide: Installation instructions</a>",https://github.com/WhitakerLab/scona/issues/110,"<a href=""https://github.com/WhitakerLab/scona"" rel=""noopener noreferrer"" target=""_blank"">WhitakerLab/scona</a>",WhitakerLab/scona,https://github.com/WhitakerLab/scona,2019-05-29T12:19:12Z,2019-06-10T10:25:42Z,False,created
155,578,"<a href=""https://github.com/alan-turing-institute/the-turing-way/issues/578"" rel=""noopener noreferrer"" target=""_blank"">Update contributing guidelines to include how to add a new chapter to the book TOC</a>",https://github.com/alan-turing-institute/the-turing-way/issues/578,"<a href=""https://github.com/alan-turing-institute/the-turing-way"" rel=""noopener noreferrer"" target=""_blank"">alan-turing-institute/the-turing-way</a>",alan-turing-institute/the-turing-way,https://github.com/alan-turing-institute/the-turing-way,2019-05-28T10:35:41Z,2019-05-29T08:58:07Z,False,created
156,461,"<a href=""https://github.com/alan-turing-institute/the-turing-way/issues/461"" rel=""noopener noreferrer"" target=""_blank"">Impact Reports for End of Project</a>",https://github.com/alan-turing-institute/the-turing-way/issues/461,"<a href=""https://github.com/alan-turing-institute/the-turing-way"" rel=""noopener noreferrer"" target=""_blank"">alan-turing-institute/the-turing-way</a>",alan-turing-institute/the-turing-way,https://github.com/alan-turing-institute/the-turing-way,2019-05-15T14:32:41Z,2019-05-16T18:12:10Z,False,created
157,450,"<a href=""https://github.com/alan-turing-institute/the-turing-way/issues/450"" rel=""noopener noreferrer"" target=""_blank"">Promote tools for reproducibility in the book</a>",https://github.com/alan-turing-institute/the-turing-way/issues/450,"<a href=""https://github.com/alan-turing-institute/the-turing-way"" rel=""noopener noreferrer"" target=""_blank"">alan-turing-institute/the-turing-way</a>",alan-turing-institute/the-turing-way,https://github.com/alan-turing-institute/the-turing-way,2019-05-13T10:17:57Z,2019-05-13T10:18:12Z,False,created
158,290,"<a href=""https://github.com/alan-turing-institute/the-turing-way/issues/290"" rel=""noopener noreferrer"" target=""_blank"">Decide how to Authenticate Users of the Turing BinderHub</a>",https://github.com/alan-turing-institute/the-turing-way/issues/290,"<a href=""https://github.com/alan-turing-institute/the-turing-way"" rel=""noopener noreferrer"" target=""_blank"">alan-turing-institute/the-turing-way</a>",alan-turing-institute/the-turing-way,https://github.com/alan-turing-institute/the-turing-way,2019-03-06T09:58:26Z,2019-04-26T15:09:01Z,False,created
159,246,"<a href=""https://github.com/alan-turing-institute/the-turing-way/issues/246"" rel=""noopener noreferrer"" target=""_blank"">Scoping build design of Turing hosted BinderHub</a>",https://github.com/alan-turing-institute/the-turing-way/issues/246,"<a href=""https://github.com/alan-turing-institute/the-turing-way"" rel=""noopener noreferrer"" target=""_blank"">alan-turing-institute/the-turing-way</a>",alan-turing-institute/the-turing-way,https://github.com/alan-turing-institute/the-turing-way,2019-02-28T13:31:03Z,2019-04-25T17:37:44Z,False,created
160,400,"<a href=""https://github.com/alan-turing-institute/the-turing-way/issues/400"" rel=""noopener noreferrer"" target=""_blank"">Integrating the Case Studies from different repos</a>",https://github.com/alan-turing-institute/the-turing-way/issues/400,"<a href=""https://github.com/alan-turing-institute/the-turing-way"" rel=""noopener noreferrer"" target=""_blank"">alan-turing-institute/the-turing-way</a>",alan-turing-institute/the-turing-way,https://github.com/alan-turing-institute/the-turing-way,2019-04-17T18:46:38Z,2019-04-17T19:59:53Z,False,created
161,343,"<a href=""https://github.com/alan-turing-institute/the-turing-way/issues/343"" rel=""noopener noreferrer"" target=""_blank"">Solo learning version of Zero-to-BinderHub workshop and Instructor Guidelines</a>",https://github.com/alan-turing-institute/the-turing-way/issues/343,"<a href=""https://github.com/alan-turing-institute/the-turing-way"" rel=""noopener noreferrer"" target=""_blank"">alan-turing-institute/the-turing-way</a>",alan-turing-institute/the-turing-way,https://github.com/alan-turing-institute/the-turing-way,2019-03-19T16:14:21Z,2019-03-20T21:44:26Z,False,created
162,763,"<a href=""https://github.com/jupyterhub/binderhub/issues/763"" rel=""noopener noreferrer"" target=""_blank"">Consolidating all Binder/BinderHub documentation into one place</a>",https://github.com/jupyterhub/binderhub/issues/763,"<a href=""https://github.com/jupyterhub/binderhub"" rel=""noopener noreferrer"" target=""_blank"">jupyterhub/binderhub</a>",jupyterhub/binderhub,https://github.com/jupyterhub/binderhub,2019-01-10T10:58:54Z,2019-01-10T10:58:54Z,False,created
163,1179,"<a href=""https://github.com/jupyterhub/binderhub/pull/1179"" rel=""noopener noreferrer"" target=""_blank"">[MRG] Reduce complexity by merging configmap/secret into secret</a>",https://github.com/jupyterhub/binderhub/pull/1179,"<a href=""https://github.com/jupyterhub/binderhub"" rel=""noopener noreferrer"" target=""_blank"">jupyterhub/binderhub</a>",jupyterhub/binderhub,https://github.com/jupyterhub/binderhub,2020-10-29T18:40:21Z,2021-10-10T10:34:16Z,True,review_requested
